embarked,survived,passenger_id
S,0,1
C,1,2
S,1,3
S,1,4
S,0,5
Q,0,6
S,0,7
S,0,8
S,1,9
C,1,10
S,1,11
S,1,12
S,0,13
S,0,14
S,0,15
S,1,16
Q,0,17
S,1,18
S,0,19
C,1,20
S,0,21
S,1,22
Q,1,23
S,1,24
S,0,25
S,1,26
C,0,27
S,0,28
Q,1,29
S,0,30
C,0,31
C,1,32
Q,1,33
S,0,34
C,0,35
S,0,36
C,1,37
S,0,38
S,0,39
C,1,40
S,0,41
S,0,42
C,0,43
C,1,44
Q,1,45
S,0,46
Q,0,47
Q,1,48
C,0,49
S,0,50
S,0,51
S,0,52
C,1,53
S,1,54
C,0,55
S,1,56
S,1,57
C,0,58
S,1,59
S,0,60
C,0,61
N,1,62
S,0,63
S,0,64
C,0,65
C,1,66
S,1,67
S,0,68
S,1,69
S,0,70
S,0,71
S,0,72
S,0,73
C,0,74
S,1,75
S,0,76
S,0,77
S,0,78
S,1,79
S,1,80
S,0,81
S,1,82
Q,1,83
S,0,84
S,1,85
S,1,86
S,0,87
S,0,88
S,1,89
S,0,90
S,0,91
S,0,92
S,0,93
S,0,94
S,0,95
S,0,96
C,0,97
C,1,98
S,1,99
S,0,100
S,0,101
S,0,102
S,0,103
S,0,104
S,0,105
S,0,106
S,1,107
S,1,108
S,0,109
Q,1,110
S,0,111
C,0,112
S,0,113
S,0,114
C,0,115
S,0,116
Q,0,117
S,0,118
C,0,119
S,0,120
S,0,121
S,0,122
C,0,123
S,1,124
S,0,125
C,1,126
Q,0,127
S,1,128
C,1,129
S,0,130
C,0,131
S,0,132
S,0,133
S,1,134
S,0,135
C,0,136
S,1,137
S,0,138
S,0,139
C,0,140
C,0,141
S,1,142
S,1,143
Q,0,144
S,0,145
S,0,146
S,1,147
S,0,148
S,0,149
S,0,150
S,0,151
S,1,152
S,0,153
S,0,154
S,0,155
C,0,156
Q,1,157
S,0,158
S,0,159
S,0,160
S,0,161
S,1,162
S,0,163
S,0,164
S,0,165
S,1,166
S,1,167
S,0,168
S,0,169
S,0,170
S,0,171
Q,0,172
S,1,173
S,0,174
C,0,175
S,0,176
S,0,177
C,0,178
S,0,179
S,0,180
S,0,181
C,0,182
S,0,183
S,1,184
S,1,185
S,0,186
Q,1,187
S,1,188
Q,0,189
S,0,190
S,1,191
S,0,192
S,1,193
S,1,194
C,1,195
C,1,196
Q,0,197
S,0,198
Q,1,199
S,0,200
S,0,201
S,0,202
S,0,203
C,0,204
S,1,205
S,0,206
S,0,207
C,1,208
Q,1,209
C,1,210
S,0,211
S,1,212
S,0,213
S,0,214
Q,0,215
C,1,216
S,1,217
S,0,218
C,1,219
S,0,220
S,1,221
S,0,222
S,0,223
S,0,224
S,1,225
S,0,226
S,1,227
S,0,228
S,0,229
S,0,230
S,1,231
S,0,232
S,0,233
S,1,234
S,0,235
S,0,236
S,0,237
S,1,238
S,0,239
S,0,240
C,0,241
Q,1,242
S,0,243
S,0,244
C,0,245
Q,0,246
S,0,247
S,1,248
S,1,249
S,0,250
S,0,251
S,0,252
S,0,253
S,0,254
S,0,255
C,1,256
C,1,257
S,1,258
C,1,259
S,1,260
Q,0,261
S,1,262
S,0,263
S,0,264
Q,0,265
S,0,266
S,0,267
S,1,268
S,1,269
S,1,270
S,0,271
S,1,272
S,1,273
C,0,274
Q,1,275
S,1,276
S,0,277
S,0,278
Q,0,279
S,1,280
Q,0,281
S,0,282
S,0,283
S,1,284
S,0,285
C,0,286
S,1,287
S,0,288
S,1,289
Q,1,290
S,1,291
C,1,292
C,0,293
S,0,294
S,0,295
C,0,296
C,0,297
S,0,298
S,1,299
C,1,300
Q,1,301
Q,1,302
S,0,303
Q,1,304
S,0,305
S,1,306
C,1,307
C,1,308
C,0,309
C,1,310
C,1,311
C,1,312
S,0,313
S,0,314
S,0,315
S,1,316
S,1,317
S,0,318
S,1,319
C,1,320
S,0,321
S,0,322
Q,1,323
S,1,324
S,0,325
C,1,326
S,0,327
S,1,328
S,1,329
C,1,330
Q,1,331
S,0,332
S,0,333
S,0,334
S,1,335
S,0,336
S,0,337
C,1,338
S,1,339
S,0,340
S,1,341
S,1,342
S,0,343
S,0,344
S,0,345
S,1,346
S,1,347
S,1,348
S,1,349
S,0,350
S,0,351
S,0,352
C,0,353
S,0,354
C,0,355
S,0,356
S,1,357
S,0,358
Q,1,359
Q,1,360
S,0,361
C,0,362
C,0,363
S,0,364
Q,0,365
S,0,366
C,1,367
C,1,368
Q,1,369
C,1,370
C,1,371
S,0,372
S,0,373
C,0,374
S,0,375
C,1,376
S,1,377
C,0,378
C,0,379
S,0,380
C,1,381
C,1,382
S,0,383
S,1,384
S,0,385
S,0,386
S,0,387
S,1,388
Q,0,389
C,1,390
S,1,391
S,1,392
S,0,393
C,1,394
S,1,395
S,0,396
S,0,397
S,0,398
S,0,399
S,1,400
S,1,401
S,0,402
S,0,403
S,0,404
S,0,405
S,0,406
S,0,407
S,1,408
S,0,409
S,0,410
S,0,411
Q,0,412
Q,1,413
S,0,414
S,1,415
S,0,416
S,1,417
S,1,418
S,0,419
S,0,420
C,0,421
Q,0,422
S,0,423
S,0,424
S,0,425
S,0,426
S,1,427
S,1,428
Q,0,429
S,1,430
S,1,431
S,1,432
S,1,433
S,0,434
S,0,435
S,1,436
S,0,437
S,1,438
S,0,439
S,0,440
S,1,441
S,0,442
S,0,443
S,1,444
S,1,445
S,1,446
S,1,447
S,1,448
C,1,449
S,1,450
S,0,451
S,0,452
C,0,453
C,1,454
S,0,455
C,1,456
S,0,457
S,1,458
S,1,459
Q,0,460
S,1,461
S,0,462
S,0,463
S,0,464
S,0,465
S,0,466
S,0,467
S,0,468
Q,0,469
C,1,470
S,0,471
S,0,472
S,1,473
C,1,474
S,0,475
S,0,476
S,0,477
S,0,478
S,0,479
S,1,480
S,0,481
S,0,482
S,0,483
S,1,484
C,1,485
S,0,486
S,1,487
C,0,488
S,0,489
S,1,490
S,0,491
S,0,492
S,0,493
C,0,494
S,0,495
C,0,496
C,1,497
S,0,498
S,0,499
S,0,500
S,0,501
Q,0,502
Q,0,503
S,0,504
S,1,505
C,0,506
S,1,507
S,1,508
S,0,509
S,1,510
Q,1,511
S,0,512
S,1,513
C,1,514
S,0,515
S,0,516
S,1,517
Q,0,518
S,1,519
S,0,520
S,1,521
S,0,522
C,0,523
C,1,524
C,0,525
Q,0,526
S,1,527
S,0,528
S,0,529
S,0,530
S,1,531
C,0,532
C,0,533
C,1,534
S,0,535
S,1,536
S,0,537
C,1,538
S,0,539
C,1,540
S,1,541
S,0,542
S,0,543
S,1,544
C,0,545
S,0,546
S,1,547
C,1,548
S,0,549
S,1,550
C,1,551
S,0,552
Q,0,553
C,1,554
S,1,555
S,0,556
C,1,557
C,0,558
S,1,559
S,1,560
Q,0,561
S,0,562
S,0,563
S,0,564
S,0,565
S,0,566
S,0,567
S,0,568
C,0,569
S,1,570
S,1,571
S,1,572
S,1,573
Q,1,574
S,0,575
S,0,576
S,1,577
S,1,578
C,0,579
S,1,580
S,1,581
C,1,582
S,0,583
C,0,584
C,0,585
S,1,586
S,0,587
C,1,588
S,0,589
S,0,590
S,0,591
C,1,592
S,0,593
Q,0,594
S,0,595
S,0,596
S,1,597
S,0,598
C,0,599
C,1,600
S,1,601
S,0,602
S,0,603
S,0,604
C,1,605
S,0,606
S,0,607
S,1,608
C,1,609
S,1,610
S,0,611
S,0,612
Q,1,613
Q,0,614
S,0,615
S,1,616
S,0,617
S,0,618
S,1,619
S,0,620
C,0,621
S,1,622
C,1,623
S,0,624
S,0,625
S,0,626
Q,0,627
S,1,628
S,0,629
Q,0,630
S,1,631
S,0,632
C,1,633
S,0,634
S,0,635
S,1,636
S,0,637
S,0,638
S,0,639
S,0,640
S,0,641
C,1,642
S,0,643
S,1,644
C,1,645
C,1,646
S,0,647
C,1,648
S,0,649
S,1,650
S,0,651
S,1,652
S,0,653
Q,1,654
Q,0,655
S,0,656
S,0,657
Q,0,658
S,0,659
C,0,660
S,1,661
C,0,662
S,0,663
S,0,664
S,1,665
S,0,666
S,0,667
S,0,668
S,0,669
S,1,670
S,1,671
S,0,672
S,0,673
S,1,674
S,0,675
S,0,676
S,0,677
S,1,678
S,0,679
C,1,680
Q,0,681
C,1,682
S,0,683
S,0,684
S,0,685
C,0,686
S,0,687
S,0,688
S,0,689
S,1,690
S,1,691
C,1,692
S,1,693
C,0,694
S,0,695
S,0,696
S,0,697
Q,1,698
C,0,699
S,0,700
C,1,701
S,1,702
C,0,703
Q,0,704
S,0,705
S,0,706
S,1,707
S,1,708
S,1,709
C,1,710
C,1,711
S,0,712
S,1,713
S,0,714
S,0,715
S,0,716
C,1,717
S,1,718
Q,0,719
S,0,720
S,1,721
S,0,722
S,0,723
S,0,724
S,1,725
S,0,726
S,1,727
Q,1,728
S,0,729
S,0,730
S,1,731
C,0,732
S,0,733
S,0,734
S,0,735
S,0,736
S,0,737
C,1,738
S,0,739
S,0,740
S,1,741
S,0,742
C,1,743
S,0,744
S,1,745
S,0,746
S,0,747
S,1,748
S,0,749
Q,0,750
S,1,751
S,1,752
S,0,753
S,0,754
S,1,755
S,1,756
S,0,757
S,0,758
S,0,759
S,1,760
S,0,761
S,0,762
C,1,763
S,1,764
S,0,765
S,1,766
C,0,767
Q,0,768
Q,0,769
S,0,770
S,0,771
S,0,772
S,0,773
C,0,774
S,1,775
S,0,776
Q,0,777
S,1,778
Q,0,779
S,1,780
C,1,781
S,1,782
S,0,783
S,0,784
S,0,785
S,0,786
S,1,787
Q,0,788
S,1,789
C,0,790
Q,0,791
S,0,792
S,0,793
C,0,794
S,0,795
S,0,796
S,1,797
S,1,798
C,0,799
S,0,800
S,0,801
S,1,802
S,1,803
C,1,804
S,1,805
S,0,806
S,0,807
S,0,808
S,0,809
S,1,810
S,0,811
S,0,812
S,0,813
S,0,814
S,0,815
S,0,816
S,0,817
C,0,818
S,0,819
S,0,820
S,1,821
S,1,822
S,0,823
S,1,824
S,0,825
Q,0,826
S,0,827
C,1,828
Q,1,829
N,1,830
C,1,831
S,1,832
C,0,833
S,0,834
S,0,835
C,1,836
S,0,837
S,0,838
S,1,839
C,1,840
S,0,841
S,0,842
C,1,843
C,0,844
S,0,845
S,0,846
S,0,847
C,0,848
S,0,849
C,1,850
S,0,851
S,0,852
C,0,853
S,1,854
S,0,855
S,1,856
S,1,857
S,1,858
C,1,859
C,0,860
S,0,861
S,0,862
S,1,863
S,0,864
S,0,865
S,1,866
C,1,867
S,0,868
S,0,869
S,1,870
S,0,871
S,1,872
S,0,873
S,0,874
C,1,875
C,1,876
S,0,877
S,0,878
S,0,879
C,1,880
S,1,881
S,0,882
S,0,883
S,0,884
S,0,885
Q,0,886
S,0,887
S,1,888
S,0,889
C,1,890
Q,0,891
C,0,892
C,0,893
S,0,894
S,0,895
S,1,896
S,0,897
S,0,898
S,0,899
S,1,900
S,0,901
S,1,902
S,1,903
C,1,904
S,1,905
S,0,906
S,0,907
S,1,908
S,0,909
C,0,910
S,0,911
Q,1,912
S,1,913
S,0,914
S,0,915
S,0,916
S,0,917
C,1,918
S,0,919
S,0,920
S,0,921
C,1,922
C,1,923
S,1,924
C,1,925
Q,1,926
C,0,927
S,0,928
S,1,929
C,1,930
S,1,931
S,1,932
Q,0,933
S,0,934
Q,1,935
S,1,936
S,1,937
S,0,938
S,1,939
C,0,940
S,0,941
S,0,942
S,1,943
C,1,944
S,0,945
S,1,946
S,1,947
S,0,948
Q,0,949
S,1,950
S,0,951
S,0,952
S,0,953
S,1,954
S,0,955
S,1,956
C,0,957
C,0,958
S,0,959
C,0,960
S,0,961
S,1,962
S,1,963
S,1,964
S,0,965
S,0,966
S,0,967
C,0,968
S,1,969
S,1,970
S,1,971
S,1,972
C,0,973
C,1,974
S,0,975
C,1,976
S,1,977
S,0,978
S,0,979
S,1,980
S,0,981
S,0,982
C,1,983
S,0,984
S,1,985
C,1,986
S,1,987
C,1,988
S,0,989
C,0,990
C,1,991
S,0,992
S,0,993
S,1,994
S,1,995
Q,0,996
Q,1,997
Q,0,998
C,0,999
S,1,1000
S,1,1001
S,1,1002
S,1,1003
C,1,1004
Q,0,1005
Q,1,1006
S,0,1007
S,0,1008
C,1,1009
S,0,1010
S,0,1011
S,1,1012
S,1,1013
S,0,1014
S,1,1015
S,0,1016
S,1,1017
C,0,1018
S,1,1019
S,0,1020
S,1,1021
S,0,1022
S,0,1023
S,1,1024
S,1,1025
C,0,1026
S,0,1027
S,1,1028
S,0,1029
S,1,1030
Q,0,1031
C,1,1032
S,0,1033
Q,0,1034
S,0,1035
S,0,1036
S,1,1037
C,0,1038
S,0,1039
S,0,1040
S,1,1041
S,0,1042
S,0,1043
S,1,1044
S,0,1045
C,1,1046
S,0,1047
S,0,1048
S,1,1049
S,0,1050
C,0,1051
C,1,1052
S,1,1053
S,0,1054
S,0,1055
S,1,1056
S,1,1057
S,0,1058
S,1,1059
S,0,1060
S,0,1061
C,1,1062
S,0,1063
S,0,1064
S,0,1065
Q,1,1066
S,1,1067
C,1,1068
S,1,1069
S,1,1070
S,0,1071
S,1,1072
C,1,1073
S,1,1074
C,0,1075
C,0,1076
C,0,1077
C,1,1078
S,0,1079
S,0,1080
S,0,1081
S,0,1082
C,0,1083
C,0,1084
S,1,1085
S,1,1086
C,1,1087
C,0,1088
C,1,1089
C,1,1090
S,0,1091
C,1,1092
S,0,1093
Q,1,1094
S,1,1095
S,0,1096
C,1,1097
S,0,1098
S,1,1099
S,1,1100
Q,0,1101
C,1,1102
S,1,1103
C,0,1104
Q,0,1105
S,1,1106
C,1,1107
S,1,1108
Q,0,1109
C,1,1110
S,1,1111
C,0,1112
C,1,1113
S,1,1114
S,0,1115
S,0,1116
S,1,1117
S,1,1118
S,0,1119
S,1,1120
S,0,1121
S,1,1122
C,0,1123
S,0,1124
S,1,1125
S,0,1126
C,0,1127
S,1,1128
S,1,1129
S,1,1130
S,0,1131
S,0,1132
C,0,1133
Q,0,1134
C,0,1135
C,1,1136
S,0,1137
S,0,1138
S,0,1139
S,1,1140
C,1,1141
S,1,1142
C,1,1143
S,0,1144
S,0,1145
Q,1,1146
S,1,1147
S,0,1148
S,0,1149
S,1,1150
C,0,1151
S,0,1152
S,0,1153
S,1,1154
Q,1,1155
S,1,1156
C,0,1157
S,1,1158
C,1,1159
S,1,1160
S,0,1161
S,1,1162
S,1,1163
S,0,1164
C,1,1165
S,1,1166
C,0,1167
S,1,1168
S,0,1169
S,0,1170
S,1,1171
S,1,1172
C,0,1173
S,1,1174
S,0,1175
S,0,1176
S,1,1177
S,0,1178
C,1,1179
S,0,1180
Q,0,1181
Q,1,1182
S,0,1183
C,1,1184
S,0,1185
S,0,1186
C,1,1187
S,0,1188
S,0,1189
Q,0,1190
Q,1,1191
C,1,1192
S,0,1193
Q,0,1194
S,0,1195
S,1,1196
C,1,1197
S,1,1198
S,0,1199
S,0,1200
S,1,1201
S,1,1202
C,0,1203
S,1,1204
S,0,1205
S,0,1206
S,0,1207
S,1,1208
S,1,1209
Q,0,1210
S,0,1211
S,0,1212
Q,1,1213
C,0,1214
S,0,1215
S,0,1216
S,1,1217
S,1,1218
S,1,1219
S,1,1220
S,1,1221
Q,0,1222
S,1,1223
S,0,1224
S,1,1225
S,0,1226
S,0,1227
S,0,1228
C,1,1229
S,1,1230
S,1,1231
C,1,1232
S,1,1233
S,1,1234
S,0,1235
C,0,1236
S,1,1237
C,0,1238
S,1,1239
C,0,1240
S,0,1241
Q,0,1242
S,0,1243
S,1,1244
S,0,1245
S,1,1246
S,0,1247
S,0,1248
S,0,1249
C,1,1250
S,0,1251
S,0,1252
C,0,1253
S,1,1254
S,1,1255
S,0,1256
S,1,1257
S,0,1258
Q,1,1259
S,0,1260
S,0,1261
S,1,1262
S,0,1263
S,0,1264
S,1,1265
S,1,1266
S,0,1267
C,1,1268
S,1,1269
S,0,1270
S,0,1271
S,1,1272
S,1,1273
S,0,1274
S,0,1275
Q,0,1276
C,1,1277
S,0,1278
S,0,1279
S,1,1280
S,1,1281
S,0,1282
Q,0,1283
S,1,1284
S,0,1285
S,0,1286
S,1,1287
S,1,1288
S,1,1289
C,0,1290
S,1,1291
S,1,1292
S,0,1293
S,1,1294
S,0,1295
S,1,1296
S,0,1297
S,0,1298
S,0,1299
S,0,1300
S,0,1301
S,1,1302
S,0,1303
S,0,1304
S,0,1305
C,1,1306
C,0,1307
S,0,1308
S,0,1309
S,0,1310
Q,0,1311
C,0,1312
S,1,1313
C,1,1314
S,1,1315
S,1,1316
C,0,1317
S,0,1318
S,1,1319
S,0,1320
S,0,1321
S,1,1322
Q,0,1323
S,0,1324
S,0,1325
S,0,1326
S,0,1327
C,0,1328
S,0,1329
S,1,1330
S,1,1331
S,0,1332
S,1,1333
S,1,1334
S,0,1335
S,1,1336
S,1,1337
S,1,1338
Q,0,1339
Q,1,1340
C,1,1341
S,0,1342
Q,1,1343
S,0,1344
S,0,1345
S,0,1346
S,0,1347
S,1,1348
S,1,1349
S,1,1350
C,1,1351
S,0,1352
C,0,1353
S,0,1354
S,0,1355
Q,0,1356
C,1,1357
S,0,1358
C,0,1359
S,1,1360
S,1,1361
Q,1,1362
Q,0,1363
C,0,1364
S,0,1365
S,1,1366
S,0,1367
S,0,1368
C,0,1369
S,0,1370
S,0,1371
S,1,1372
C,0,1373
S,1,1374
C,1,1375
S,1,1376
Q,0,1377
S,0,1378
S,0,1379
S,1,1380
S,1,1381
S,0,1382
C,0,1383
C,1,1384
S,0,1385
S,0,1386
S,0,1387
C,0,1388
S,0,1389
C,1,1390
S,0,1391
S,1,1392
S,1,1393
C,1,1394
S,1,1395
Q,1,1396
Q,0,1397
C,0,1398
C,0,1399
S,1,1400
S,0,1401
S,0,1402
C,0,1403
C,0,1404
C,1,1405
Q,0,1406
S,1,1407
S,0,1408
C,1,1409
S,0,1410
S,0,1411
S,1,1412
S,0,1413
S,1,1414
S,0,1415
C,1,1416
S,0,1417
S,0,1418
S,1,1419
S,0,1420
C,1,1421
Q,0,1422
S,1,1423
Q,0,1424
C,1,1425
S,1,1426
Q,0,1427
Q,1,1428
S,1,1429
S,1,1430
C,0,1431
S,0,1432
S,0,1433
S,1,1434
S,1,1435
S,0,1436
S,0,1437
S,0,1438
S,1,1439
Q,0,1440
S,1,1441
S,0,1442
S,0,1443
S,0,1444
C,1,1445
Q,0,1446
S,0,1447
S,1,1448
Q,0,1449
S,1,1450
C,1,1451
S,0,1452
S,0,1453
S,1,1454
S,1,1455
S,0,1456
S,0,1457
S,1,1458
C,0,1459
S,1,1460
S,1,1461
Q,1,1462
S,0,1463
S,0,1464
S,0,1465
S,1,1466
Q,0,1467
Q,1,1468
S,1,1469
S,0,1470
S,0,1471
C,1,1472
S,0,1473
S,0,1474
S,0,1475
S,0,1476
S,1,1477
Q,1,1478
S,1,1479
S,1,1480
S,1,1481
Q,1,1482
S,0,1483
S,0,1484
S,0,1485
S,1,1486
S,0,1487
S,1,1488
C,0,1489
S,0,1490
S,1,1491
S,0,1492
S,1,1493
S,1,1494
S,1,1495
S,1,1496
S,0,1497
S,0,1498
C,0,1499
S,0,1500
Q,0,1501
S,0,1502
C,0,1503
S,1,1504
S,0,1505
Q,1,1506
S,1,1507
C,0,1508
Q,0,1509
S,1,1510
C,0,1511
C,0,1512
S,0,1513
C,1,1514
S,0,1515
Q,1,1516
S,1,1517
C,0,1518
S,0,1519
S,0,1520
S,1,1521
Q,1,1522
S,1,1523
C,1,1524
S,1,1525
S,0,1526
C,0,1527
S,1,1528
S,1,1529
S,0,1530
C,0,1531
S,0,1532
Q,1,1533
C,1,1534
S,0,1535
S,0,1536
C,1,1537
S,0,1538
S,1,1539
C,1,1540
S,0,1541
S,0,1542
S,1,1543
C,0,1544
S,0,1545
S,1,1546
C,0,1547
S,0,1548
S,0,1549
S,1,1550
S,1,1551
Q,1,1552
S,0,1553
C,0,1554
S,0,1555
S,0,1556
S,0,1557
S,0,1558
S,1,1559
S,1,1560
S,0,1561
S,1,1562
S,1,1563
S,0,1564
S,0,1565
S,1,1566
S,0,1567
S,1,1568
C,0,1569
S,1,1570
C,1,1571
C,0,1572
S,1,1573
Q,1,1574
S,1,1575
Q,1,1576
Q,1,1577
S,0,1578
S,0,1579
C,0,1580
S,0,1581
S,1,1582
S,0,1583
C,1,1584
C,1,1585
S,0,1586
S,0,1587
S,0,1588
S,1,1589
C,0,1590
S,1,1591
S,0,1592
S,1,1593
C,0,1594
S,0,1595
S,1,1596
Q,1,1597
S,1,1598
S,0,1599
S,1,1600
S,1,1601
S,0,1602
S,1,1603
Q,1,1604
S,0,1605
C,0,1606
S,0,1607
S,1,1608
S,1,1609
S,0,1610
S,0,1611
S,1,1612
S,1,1613
S,0,1614
S,0,1615
S,0,1616
S,1,1617
S,0,1618
Q,1,1619
S,1,1620
S,1,1621
C,1,1622
Q,1,1623
C,1,1624
C,0,1625
S,0,1626
S,1,1627
S,0,1628
S,0,1629
S,0,1630
S,1,1631
Q,1,1632
S,1,1633
S,1,1634
S,0,1635
C,0,1636
S,1,1637
C,0,1638
S,1,1639
S,0,1640
S,0,1641
S,0,1642
Q,1,1643
S,1,1644
S,0,1645
S,0,1646
Q,1,1647
C,1,1648
S,1,1649
S,0,1650
S,0,1651
Q,1,1652
S,1,1653
S,0,1654
S,0,1655
C,1,1656
C,1,1657
C,0,1658
Q,0,1659
C,1,1660
S,1,1661
S,0,1662
C,1,1663
S,1,1664
S,1,1665
S,0,1666
S,0,1667
S,1,1668
C,1,1669
S,0,1670
S,1,1671
S,1,1672
S,1,1673
S,0,1674
S,1,1675
S,0,1676
S,1,1677
S,1,1678
S,1,1679
S,0,1680
S,0,1681
S,0,1682
S,0,1683
S,0,1684
C,0,1685
S,0,1686
S,0,1687
Q,0,1688
S,0,1689
S,1,1690
S,1,1691
S,1,1692
C,0,1693
S,0,1694
S,0,1695
Q,1,1696
S,1,1697
C,1,1698
S,0,1699
S,0,1700
S,0,1701
S,0,1702
S,1,1703
S,0,1704
S,0,1705
S,1,1706
S,0,1707
S,0,1708
S,1,1709
S,0,1710
S,0,1711
Q,0,1712
S,0,1713
S,1,1714
S,0,1715
S,1,1716
S,1,1717
S,1,1718
C,1,1719
S,1,1720
C,0,1721
S,0,1722
Q,0,1723
C,0,1724
S,1,1725
C,1,1726
S,0,1727
Q,1,1728
Q,1,1729
C,1,1730
S,0,1731
S,1,1732
Q,0,1733
Q,0,1734
S,1,1735
S,1,1736
S,1,1737
S,0,1738
S,0,1739
S,0,1740
C,0,1741
S,0,1742
C,1,1743
S,1,1744
S,1,1745
C,0,1746
S,0,1747
S,1,1748
S,0,1749
S,0,1750
C,1,1751
S,1,1752
Q,0,1753
C,0,1754
S,0,1755
S,1,1756
Q,1,1757
S,1,1758
C,1,1759
C,1,1760
C,0,1761
S,1,1762
C,0,1763
C,1,1764
S,1,1765
S,1,1766
S,1,1767
S,0,1768
C,0,1769
C,0,1770
C,0,1771
C,0,1772
C,1,1773
S,0,1774
S,1,1775
S,0,1776
C,1,1777
Q,0,1778
Q,0,1779
S,0,1780
S,0,1781
Q,0,1782
S,0,1783
S,0,1784
S,1,1785
S,1,1786
Q,1,1787
S,0,1788
S,0,1789
S,1,1790
S,1,1791
S,0,1792
S,0,1793
S,1,1794
S,1,1795
S,0,1796
S,1,1797
S,0,1798
S,1,1799
Q,0,1800
S,1,1801
S,1,1802
S,0,1803
S,1,1804
S,1,1805
S,0,1806
Q,1,1807
S,0,1808
S,1,1809
C,1,1810
C,0,1811
S,1,1812
S,0,1813
S,1,1814
S,0,1815
S,0,1816
S,1,1817
S,0,1818
S,0,1819
C,0,1820
S,0,1821
S,0,1822
S,0,1823
S,0,1824
Q,0,1825
S,1,1826
Q,0,1827
S,0,1828
C,0,1829
S,1,1830
S,0,1831
S,0,1832
S,1,1833
S,0,1834
S,1,1835
C,0,1836
S,0,1837
C,0,1838
S,1,1839
S,0,1840
S,0,1841
C,1,1842
S,0,1843
S,0,1844
S,0,1845
C,0,1846
S,0,1847
S,1,1848
S,0,1849
S,0,1850
S,1,1851
S,1,1852
S,0,1853
S,0,1854
S,1,1855
S,1,1856
S,0,1857
S,0,1858
S,0,1859
S,0,1860
S,1,1861
S,0,1862
S,0,1863
S,1,1864
S,0,1865
S,0,1866
C,1,1867
S,0,1868
C,0,1869
S,0,1870
S,0,1871
S,1,1872
Q,0,1873
C,0,1874
S,0,1875
S,0,1876
S,0,1877
S,1,1878
S,1,1879
S,0,1880
S,1,1881
S,0,1882
C,0,1883
S,0,1884
S,0,1885
S,1,1886
C,1,1887
S,1,1888
C,0,1889
S,0,1890
Q,1,1891
C,0,1892
S,0,1893
S,0,1894
S,1,1895
S,1,1896
S,0,1897
S,0,1898
S,0,1899
S,1,1900
Q,1,1901
C,1,1902
S,1,1903
S,0,1904
S,1,1905
S,0,1906
S,0,1907
S,1,1908
S,0,1909
C,1,1910
S,1,1911
S,1,1912
S,1,1913
Q,0,1914
S,1,1915
S,0,1916
S,0,1917
S,0,1918
S,0,1919
S,1,1920
Q,1,1921
S,1,1922
S,0,1923
S,0,1924
S,0,1925
C,0,1926
S,1,1927
S,0,1928
S,0,1929
S,1,1930
S,0,1931
S,1,1932
S,0,1933
S,1,1934
Q,1,1935
S,1,1936
S,0,1937
S,0,1938
S,0,1939
S,0,1940
S,1,1941
S,1,1942
S,0,1943
S,0,1944
S,0,1945
S,1,1946
S,1,1947
S,0,1948
S,1,1949
S,1,1950
S,0,1951
C,0,1952
S,0,1953
S,0,1954
C,0,1955
S,1,1956
S,0,1957
C,0,1958
S,0,1959
S,1,1960
S,0,1961
S,1,1962
S,1,1963
S,0,1964
S,0,1965
C,0,1966
S,0,1967
S,0,1968
S,1,1969
S,1,1970
S,0,1971
S,1,1972
C,0,1973
S,0,1974
C,0,1975
Q,0,1976
S,0,1977
S,1,1978
S,0,1979
Q,1,1980
S,0,1981
S,1,1982
S,0,1983
S,0,1984
S,1,1985
S,1,1986
S,1,1987
S,1,1988
S,1,1989
S,1,1990
S,0,1991
S,1,1992
S,0,1993
S,0,1994
S,0,1995
S,0,1996
S,1,1997
S,0,1998
S,0,1999
S,1,2000
S,0,2001
S,0,2002
S,0,2003
S,1,2004
Q,1,2005
S,1,2006
Q,1,2007
S,0,2008
Q,0,2009
S,1,2010
C,1,2011
S,0,2012
S,0,2013
S,1,2014
Q,1,2015
S,0,2016
S,0,2017
S,1,2018
C,0,2019
S,0,2020
C,1,2021
S,0,2022
S,0,2023
C,0,2024
C,0,2025
C,1,2026
S,0,2027
S,0,2028
Q,1,2029
S,0,2030
S,1,2031
S,1,2032
S,1,2033
C,0,2034
S,1,2035
S,1,2036
S,1,2037
S,0,2038
Q,0,2039
S,1,2040
S,1,2041
S,1,2042
S,1,2043
S,0,2044
Q,0,2045
S,1,2046
S,1,2047
C,0,2048
S,0,2049
S,1,2050
S,1,2051
S,1,2052
S,0,2053
S,1,2054
S,1,2055
Q,0,2056
S,0,2057
S,1,2058
S,1,2059
C,0,2060
Q,1,2061
S,1,2062
S,1,2063
S,0,2064
S,0,2065
C,1,2066
S,0,2067
S,1,2068
Q,0,2069
C,0,2070
S,0,2071
S,1,2072
S,1,2073
C,1,2074
S,1,2075
S,1,2076
Q,1,2077
S,0,2078
S,1,2079
C,0,2080
Q,0,2081
Q,1,2082
C,0,2083
S,0,2084
C,0,2085
C,1,2086
S,0,2087
C,1,2088
S,1,2089
Q,1,2090
Q,0,2091
S,1,2092
S,1,2093
S,0,2094
S,0,2095
S,1,2096
S,1,2097
S,1,2098
C,0,2099
S,0,2100
S,1,2101
C,0,2102
S,1,2103
S,0,2104
S,1,2105
S,0,2106
S,0,2107
S,0,2108
S,0,2109
S,0,2110
C,0,2111
Q,1,2112
S,1,2113
S,1,2114
S,0,2115
S,0,2116
S,0,2117
Q,1,2118
C,1,2119
C,0,2120
C,0,2121
Q,0,2122
S,0,2123
S,0,2124
Q,1,2125
C,0,2126
S,0,2127
S,0,2128
Q,0,2129
S,1,2130
S,0,2131
S,0,2132
S,0,2133
C,0,2134
S,1,2135
S,0,2136
S,0,2137
S,0,2138
S,1,2139
S,0,2140
S,0,2141
S,1,2142
S,1,2143
S,0,2144
C,1,2145
S,1,2146
S,1,2147
S,1,2148
S,1,2149
Q,0,2150
S,0,2151
S,1,2152
S,0,2153
S,0,2154
S,0,2155
S,0,2156
S,1,2157
S,0,2158
S,1,2159
S,0,2160
S,0,2161
S,0,2162
S,0,2163
Q,0,2164
Q,1,2165
S,0,2166
S,0,2167
S,0,2168
S,1,2169
S,0,2170
Q,0,2171
S,0,2172
S,1,2173
S,1,2174
S,1,2175
S,1,2176
S,0,2177
C,1,2178
C,0,2179
C,1,2180
S,1,2181
S,0,2182
S,0,2183
Q,0,2184
Q,0,2185
S,0,2186
S,1,2187
S,1,2188
S,0,2189
C,0,2190
S,0,2191
C,1,2192
S,0,2193
S,1,2194
S,1,2195
S,0,2196
S,1,2197
S,0,2198
S,1,2199
S,1,2200
S,1,2201
C,0,2202
S,0,2203
S,1,2204
S,0,2205
C,0,2206
S,1,2207
C,1,2208
S,0,2209
S,1,2210
C,1,2211
Q,1,2212
S,1,2213
S,1,2214
C,0,2215
S,0,2216
C,0,2217
S,1,2218
S,0,2219
S,1,2220
S,0,2221
C,0,2222
S,1,2223
S,1,2224
S,1,2225
Q,1,2226
S,0,2227
S,0,2228
S,0,2229
S,1,2230
S,1,2231
S,1,2232
Q,0,2233
S,0,2234
C,1,2235
S,0,2236
S,0,2237
S,1,2238
S,1,2239
S,1,2240
S,0,2241
C,1,2242
S,0,2243
S,1,2244
C,0,2245
C,1,2246
S,1,2247
S,0,2248
S,0,2249
S,1,2250
S,0,2251
S,1,2252
S,0,2253
Q,0,2254
S,1,2255
S,1,2256
C,1,2257
S,1,2258
S,1,2259
Q,0,2260
S,1,2261
C,1,2262
S,1,2263
S,1,2264
S,0,2265
S,1,2266
S,0,2267
S,1,2268
S,1,2269
S,1,2270
S,0,2271
S,1,2272
S,1,2273
S,0,2274
S,0,2275
S,0,2276
S,1,2277
C,0,2278
S,0,2279
S,1,2280
S,1,2281
Q,1,2282
S,1,2283
S,1,2284
S,0,2285
C,0,2286
S,1,2287
Q,0,2288
C,0,2289
S,1,2290
S,0,2291
Q,1,2292
C,0,2293
C,0,2294
S,0,2295
S,1,2296
C,1,2297
S,0,2298
C,0,2299
S,1,2300
Q,0,2301
S,0,2302
S,1,2303
S,0,2304
C,1,2305
S,1,2306
Q,1,2307
C,0,2308
Q,1,2309
Q,0,2310
S,0,2311
S,0,2312
S,1,2313
S,0,2314
S,1,2315
Q,0,2316
S,1,2317
C,0,2318
S,1,2319
S,1,2320
S,0,2321
S,0,2322
S,1,2323
S,1,2324
S,1,2325
S,1,2326
S,0,2327
S,0,2328
S,1,2329
S,0,2330
S,1,2331
C,0,2332
Q,0,2333
S,0,2334
S,0,2335
S,0,2336
C,0,2337
S,1,2338
C,0,2339
C,0,2340
S,1,2341
S,1,2342
Q,0,2343
S,1,2344
C,1,2345
S,0,2346
S,0,2347
S,0,2348
S,0,2349
S,0,2350
S,0,2351
S,1,2352
S,0,2353
Q,0,2354
S,0,2355
S,0,2356
C,1,2357
S,1,2358
S,0,2359
S,0,2360
S,1,2361
S,1,2362
S,0,2363
C,1,2364
S,0,2365
S,1,2366
C,0,2367
S,1,2368
C,0,2369
C,0,2370
S,0,2371
S,1,2372
C,1,2373
S,0,2374
C,1,2375
S,0,2376
Q,0,2377
Q,0,2378
S,1,2379
S,0,2380
S,0,2381
S,1,2382
C,0,2383
S,1,2384
S,1,2385
C,1,2386
S,1,2387
Q,1,2388
S,1,2389
S,1,2390
C,1,2391
Q,1,2392
Q,0,2393
S,0,2394
C,1,2395
S,0,2396
Q,0,2397
S,1,2398
S,0,2399
S,1,2400
S,0,2401
S,0,2402
S,0,2403
C,1,2404
Q,1,2405
S,0,2406
S,0,2407
C,1,2408
S,1,2409
S,1,2410
Q,1,2411
S,0,2412
S,1,2413
S,1,2414
Q,0,2415
S,0,2416
S,0,2417
S,1,2418
S,1,2419
S,1,2420
S,0,2421
C,0,2422
S,1,2423
S,1,2424
S,1,2425
S,0,2426
S,0,2427
Q,1,2428
S,0,2429
S,1,2430
S,1,2431
C,1,2432
S,1,2433
Q,0,2434
S,0,2435
S,1,2436
S,1,2437
S,0,2438
S,1,2439
Q,1,2440
C,0,2441
S,0,2442
S,1,2443
S,1,2444
S,0,2445
S,0,2446
C,1,2447
S,1,2448
S,0,2449
C,1,2450
S,0,2451
S,0,2452
Q,0,2453
Q,1,2454
S,1,2455
C,1,2456
C,1,2457
S,0,2458
S,1,2459
S,0,2460
S,0,2461
S,1,2462
S,0,2463
Q,0,2464
C,0,2465
S,1,2466
S,0,2467
S,1,2468
C,0,2469
S,1,2470
Q,1,2471
C,0,2472
Q,1,2473
S,0,2474
S,1,2475
S,1,2476
C,1,2477
S,1,2478
S,0,2479
S,1,2480
Q,0,2481
S,1,2482
S,0,2483
S,0,2484
S,0,2485
C,1,2486
S,0,2487
S,1,2488
S,0,2489
S,0,2490
C,1,2491
Q,1,2492
S,0,2493
S,1,2494
S,0,2495
S,0,2496
S,1,2497
S,0,2498
S,0,2499
S,0,2500
S,1,2501
S,0,2502
S,0,2503
C,1,2504
C,1,2505
S,1,2506
C,0,2507
S,0,2508
C,0,2509
S,0,2510
S,0,2511
C,1,2512
S,0,2513
S,0,2514
C,0,2515
S,1,2516
S,1,2517
S,0,2518
S,1,2519
S,1,2520
Q,0,2521
S,1,2522
S,1,2523
C,1,2524
Q,1,2525
C,0,2526
S,0,2527
S,0,2528
S,0,2529
S,0,2530
Q,0,2531
S,1,2532
S,0,2533
S,1,2534
C,0,2535
S,0,2536
Q,1,2537
S,1,2538
S,0,2539
C,1,2540
C,0,2541
C,1,2542
C,0,2543
S,1,2544
S,1,2545
C,1,2546
S,0,2547
S,0,2548
Q,1,2549
S,1,2550
S,0,2551
S,0,2552
S,1,2553
C,1,2554
S,1,2555
S,1,2556
C,1,2557
S,1,2558
S,0,2559
S,0,2560
S,0,2561
S,0,2562
S,1,2563
S,1,2564
S,1,2565
S,0,2566
S,0,2567
Q,1,2568
S,0,2569
S,1,2570
S,1,2571
S,0,2572
Q,1,2573
S,0,2574
C,0,2575
S,0,2576
S,0,2577
Q,0,2578
S,1,2579
S,0,2580
S,0,2581
C,0,2582
Q,1,2583
S,1,2584
S,0,2585
S,1,2586
C,0,2587
Q,1,2588
S,1,2589
S,0,2590
S,1,2591
S,0,2592
C,0,2593
S,0,2594
S,1,2595
Q,0,2596
S,0,2597
S,0,2598
S,1,2599
S,0,2600
Q,1,2601
S,0,2602
S,1,2603
S,0,2604
C,1,2605
S,1,2606
S,0,2607
S,0,2608
C,1,2609
S,0,2610
C,0,2611
C,0,2612
Q,0,2613
S,1,2614
C,0,2615
S,0,2616
Q,0,2617
Q,0,2618
S,1,2619
S,1,2620
S,1,2621
S,1,2622
S,0,2623
S,0,2624
Q,1,2625
S,0,2626
S,0,2627
Q,0,2628
S,0,2629
C,0,2630
S,1,2631
S,0,2632
Q,1,2633
C,1,2634
Q,1,2635
S,0,2636
S,1,2637
C,1,2638
S,0,2639
S,0,2640
S,1,2641
Q,1,2642
C,0,2643
S,1,2644
S,1,2645
C,0,2646
S,0,2647
S,1,2648
S,1,2649
S,1,2650
S,0,2651
S,1,2652
S,1,2653
S,0,2654
S,1,2655
S,0,2656
S,1,2657
S,0,2658
C,1,2659
S,1,2660
S,1,2661
S,0,2662
S,0,2663
C,0,2664
S,1,2665
S,1,2666
C,1,2667
S,0,2668
C,1,2669
Q,1,2670
S,0,2671
C,0,2672
C,1,2673
S,0,2674
C,1,2675
C,1,2676
S,0,2677
Q,0,2678
S,1,2679
C,1,2680
S,1,2681
S,1,2682
S,1,2683
S,1,2684
S,0,2685
S,0,2686
S,0,2687
S,1,2688
S,1,2689
S,0,2690
S,0,2691
C,1,2692
S,0,2693
S,0,2694
C,0,2695
S,1,2696
S,0,2697
S,1,2698
S,1,2699
Q,0,2700
S,1,2701
S,1,2702
C,0,2703
S,1,2704
S,1,2705
C,0,2706
Q,0,2707
S,1,2708
S,1,2709
S,0,2710
S,0,2711
S,1,2712
S,0,2713
S,0,2714
C,0,2715
Q,0,2716
C,0,2717
S,1,2718
S,1,2719
S,1,2720
S,1,2721
S,0,2722
S,1,2723
S,1,2724
Q,0,2725
S,0,2726
S,0,2727
C,1,2728
C,1,2729
S,0,2730
S,1,2731
S,0,2732
Q,0,2733
S,1,2734
Q,0,2735
S,0,2736
S,0,2737
S,0,2738
S,1,2739
C,1,2740
S,0,2741
S,1,2742
S,1,2743
S,0,2744
S,1,2745
S,1,2746
S,0,2747
C,0,2748
S,0,2749
C,0,2750
S,1,2751
S,1,2752
C,1,2753
S,1,2754
S,0,2755
C,1,2756
S,0,2757
S,0,2758
S,1,2759
C,0,2760
C,1,2761
S,0,2762
S,0,2763
S,0,2764
S,0,2765
C,1,2766
S,0,2767
S,1,2768
C,0,2769
C,0,2770
Q,0,2771
S,1,2772
C,0,2773
S,0,2774
C,0,2775
Q,0,2776
C,1,2777
S,1,2778
S,1,2779
S,0,2780
S,0,2781
S,0,2782
S,0,2783
S,0,2784
S,0,2785
S,0,2786
S,0,2787
C,0,2788
S,1,2789
S,0,2790
S,1,2791
S,0,2792
C,0,2793
C,0,2794
S,0,2795
Q,1,2796
C,0,2797
S,1,2798
S,1,2799
S,1,2800
S,0,2801
S,0,2802
Q,1,2803
S,1,2804
S,1,2805
C,0,2806
S,0,2807
Q,0,2808
S,1,2809
S,1,2810
S,0,2811
S,0,2812
C,1,2813
S,0,2814
S,0,2815
S,0,2816
S,0,2817
S,1,2818
C,1,2819
S,1,2820
C,1,2821
S,0,2822
S,0,2823
C,0,2824
C,0,2825
C,1,2826
S,0,2827
S,1,2828
S,1,2829
C,0,2830
S,0,2831
S,0,2832
S,1,2833
C,0,2834
Q,0,2835
S,0,2836
S,1,2837
S,0,2838
Q,1,2839
S,0,2840
S,0,2841
S,1,2842
S,0,2843
S,1,2844
C,1,2845
S,1,2846
S,1,2847
C,0,2848
S,0,2849
S,1,2850
S,1,2851
S,1,2852
S,1,2853
S,1,2854
S,0,2855
S,1,2856
S,1,2857
S,1,2858
S,1,2859
S,0,2860
S,1,2861
S,1,2862
S,1,2863
Q,1,2864
S,1,2865
Q,1,2866
C,1,2867
Q,1,2868
S,1,2869
S,1,2870
S,1,2871
C,0,2872
S,1,2873
S,1,2874
C,1,2875
S,0,2876
S,1,2877
S,0,2878
S,0,2879
C,0,2880
S,0,2881
S,1,2882
S,1,2883
C,0,2884
S,1,2885
C,1,2886
Q,1,2887
S,0,2888
C,1,2889
S,0,2890
C,0,2891
S,1,2892
S,0,2893
C,0,2894
S,0,2895
S,0,2896
S,1,2897
C,1,2898
S,1,2899
S,1,2900
S,1,2901
S,1,2902
S,0,2903
S,1,2904
S,0,2905
S,1,2906
S,1,2907
S,1,2908
S,0,2909
C,0,2910
S,1,2911
C,0,2912
S,0,2913
S,1,2914
C,1,2915
S,1,2916
S,0,2917
S,1,2918
S,1,2919
C,0,2920
S,0,2921
S,0,2922
S,1,2923
S,0,2924
S,1,2925
S,0,2926
S,0,2927
S,0,2928
S,0,2929
C,1,2930
C,1,2931
S,0,2932
Q,0,2933
S,0,2934
S,1,2935
S,1,2936
C,0,2937
S,0,2938
S,0,2939
S,0,2940
C,0,2941
S,0,2942
S,1,2943
S,1,2944
S,0,2945
S,1,2946
S,0,2947
S,0,2948
Q,1,2949
C,1,2950
S,0,2951
Q,0,2952
S,1,2953
S,0,2954
S,1,2955
S,0,2956
S,0,2957
S,0,2958
Q,0,2959
S,1,2960
S,1,2961
S,1,2962
S,1,2963
S,1,2964
S,0,2965
S,1,2966
S,0,2967
S,0,2968
S,1,2969
C,1,2970
S,1,2971
S,1,2972
S,0,2973
S,1,2974
S,1,2975
S,0,2976
C,0,2977
S,1,2978
S,0,2979
S,0,2980
S,0,2981
S,1,2982
S,1,2983
S,1,2984
Q,0,2985
S,0,2986
Q,0,2987
S,0,2988
C,1,2989
S,0,2990
C,1,2991
C,1,2992
S,1,2993
S,0,2994
S,0,2995
C,0,2996
S,1,2997
S,0,2998
S,0,2999
S,0,3000
S,1,3001
S,1,3002
Q,1,3003
S,0,3004
Q,0,3005
C,0,3006
C,0,3007
S,0,3008
S,1,3009
S,0,3010
S,1,3011
S,0,3012
S,0,3013
C,0,3014
S,1,3015
S,1,3016
S,0,3017
C,0,3018
C,0,3019
S,0,3020
S,0,3021
S,1,3022
C,0,3023
S,0,3024
S,0,3025
S,1,3026
S,0,3027
S,1,3028
S,0,3029
S,0,3030
S,1,3031
S,0,3032
S,0,3033
S,0,3034
Q,1,3035
C,0,3036
S,1,3037
S,1,3038
C,0,3039
Q,1,3040
S,1,3041
S,0,3042
S,0,3043
S,0,3044
S,0,3045
S,0,3046
S,0,3047
S,0,3048
S,0,3049
S,1,3050
Q,0,3051
S,1,3052
S,0,3053
C,0,3054
S,1,3055
S,1,3056
C,0,3057
S,0,3058
S,1,3059
S,0,3060
C,1,3061
S,0,3062
S,0,3063
S,1,3064
S,0,3065
S,0,3066
C,1,3067
S,0,3068
Q,0,3069
S,0,3070
Q,0,3071
S,1,3072
C,1,3073
C,0,3074
S,1,3075
S,1,3076
S,1,3077
S,1,3078
S,1,3079
S,1,3080
S,0,3081
S,1,3082
S,1,3083
S,1,3084
C,1,3085
S,1,3086
S,1,3087
S,0,3088
S,1,3089
S,0,3090
S,1,3091
C,1,3092
S,0,3093
S,0,3094
S,1,3095
S,0,3096
S,0,3097
C,0,3098
S,0,3099
S,0,3100
S,1,3101
C,1,3102
S,0,3103
S,1,3104
S,0,3105
C,1,3106
S,0,3107
S,0,3108
S,0,3109
S,1,3110
S,1,3111
Q,1,3112
S,1,3113
S,1,3114
C,1,3115
S,0,3116
S,1,3117
S,1,3118
S,1,3119
Q,1,3120
Q,1,3121
S,0,3122
S,0,3123
S,1,3124
S,0,3125
S,1,3126
S,1,3127
S,0,3128
S,0,3129
S,1,3130
C,1,3131
C,1,3132
S,1,3133
Q,0,3134
S,1,3135
Q,1,3136
C,1,3137
Q,0,3138
S,1,3139
C,0,3140
S,0,3141
S,0,3142
S,0,3143
S,1,3144
C,0,3145
S,0,3146
S,1,3147
S,0,3148
C,1,3149
S,1,3150
C,0,3151
S,0,3152
S,1,3153
S,0,3154
S,1,3155
S,1,3156
S,0,3157
S,0,3158
C,0,3159
S,1,3160
Q,1,3161
S,0,3162
S,0,3163
S,0,3164
S,0,3165
C,0,3166
S,0,3167
C,1,3168
C,0,3169
C,1,3170
C,0,3171
S,0,3172
S,1,3173
S,0,3174
S,1,3175
S,1,3176
S,1,3177
S,0,3178
S,0,3179
S,0,3180
S,0,3181
S,0,3182
S,0,3183
S,0,3184
S,0,3185
S,0,3186
S,0,3187
C,0,3188
S,0,3189
S,0,3190
S,1,3191
C,1,3192
S,0,3193
S,1,3194
C,1,3195
C,1,3196
C,1,3197
C,1,3198
S,0,3199
S,1,3200
Q,0,3201
S,0,3202
C,1,3203
C,0,3204
S,0,3205
S,1,3206
S,1,3207
S,1,3208
S,0,3209
S,1,3210
Q,1,3211
S,1,3212
S,1,3213
Q,1,3214
S,0,3215
S,0,3216
S,1,3217
S,0,3218
S,0,3219
C,1,3220
S,1,3221
S,0,3222
S,1,3223
C,0,3224
S,0,3225
S,0,3226
C,0,3227
S,0,3228
C,0,3229
S,1,3230
S,1,3231
S,1,3232
C,0,3233
S,1,3234
S,1,3235
S,1,3236
S,0,3237
S,1,3238
S,0,3239
S,1,3240
S,0,3241
S,0,3242
C,0,3243
Q,1,3244
S,1,3245
S,1,3246
C,1,3247
C,1,3248
S,1,3249
S,0,3250
S,0,3251
S,0,3252
C,0,3253
S,1,3254
S,1,3255
C,1,3256
S,0,3257
S,0,3258
S,0,3259
S,0,3260
S,1,3261
C,0,3262
S,0,3263
S,1,3264
S,1,3265
S,1,3266
Q,1,3267
S,0,3268
S,0,3269
C,1,3270
S,0,3271
S,1,3272
S,1,3273
S,0,3274
S,1,3275
S,0,3276
S,0,3277
C,1,3278
S,0,3279
S,1,3280
S,0,3281
S,0,3282
C,1,3283
S,0,3284
C,1,3285
S,0,3286
S,1,3287
S,1,3288
C,0,3289
S,0,3290
S,1,3291
S,0,3292
C,0,3293
S,1,3294
S,0,3295
S,0,3296
S,0,3297
S,1,3298
S,0,3299
S,1,3300
C,1,3301
S,1,3302
C,0,3303
C,0,3304
C,0,3305
S,1,3306
S,1,3307
S,1,3308
S,0,3309
S,1,3310
S,0,3311
S,1,3312
S,0,3313
S,1,3314
S,0,3315
S,1,3316
C,1,3317
S,1,3318
S,0,3319
C,1,3320
S,0,3321
S,1,3322
S,0,3323
S,1,3324
S,1,3325
C,0,3326
S,0,3327
S,1,3328
S,1,3329
C,0,3330
C,0,3331
S,1,3332
S,0,3333
S,1,3334
S,1,3335
S,1,3336
S,0,3337
S,1,3338
S,0,3339
S,1,3340
C,0,3341
S,1,3342
S,0,3343
S,0,3344
S,0,3345
S,1,3346
S,1,3347
C,0,3348
S,0,3349
C,0,3350
S,0,3351
S,0,3352
S,0,3353
S,0,3354
S,1,3355
C,1,3356
C,0,3357
S,1,3358
S,0,3359
Q,1,3360
C,1,3361
S,1,3362
S,1,3363
Q,0,3364
S,0,3365
C,1,3366
S,1,3367
S,0,3368
S,0,3369
S,1,3370
C,0,3371
S,0,3372
S,0,3373
S,0,3374
S,1,3375
C,0,3376
S,0,3377
S,1,3378
S,1,3379
S,0,3380
Q,1,3381
C,0,3382
S,0,3383
S,0,3384
S,1,3385
S,1,3386
S,0,3387
S,0,3388
S,1,3389
S,0,3390
S,1,3391
S,0,3392
S,1,3393
S,0,3394
Q,1,3395
S,1,3396
C,0,3397
S,0,3398
C,1,3399
S,0,3400
C,0,3401
C,1,3402
S,1,3403
Q,1,3404
S,1,3405
S,0,3406
S,1,3407
S,0,3408
S,0,3409
S,0,3410
C,0,3411
S,1,3412
S,1,3413
S,1,3414
C,0,3415
C,1,3416
S,1,3417
S,1,3418
S,1,3419
S,1,3420
S,0,3421
S,1,3422
S,0,3423
Q,0,3424
S,0,3425
S,1,3426
S,0,3427
C,0,3428
S,0,3429
S,1,3430
C,1,3431
C,0,3432
S,1,3433
S,1,3434
S,0,3435
S,0,3436
Q,1,3437
C,1,3438
C,0,3439
C,1,3440
S,0,3441
S,0,3442
C,0,3443
S,0,3444
S,0,3445
S,0,3446
S,0,3447
S,1,3448
Q,0,3449
S,1,3450
C,0,3451
S,0,3452
S,0,3453
S,1,3454
S,1,3455
C,0,3456
S,1,3457
S,1,3458
S,1,3459
S,1,3460
C,1,3461
C,0,3462
S,0,3463
S,0,3464
C,1,3465
S,0,3466
Q,0,3467
C,0,3468
S,0,3469
C,0,3470
S,1,3471
S,0,3472
S,1,3473
S,0,3474
S,1,3475
S,0,3476
S,0,3477
S,0,3478
C,1,3479
S,0,3480
C,0,3481
S,0,3482
S,0,3483
S,1,3484
S,1,3485
S,1,3486
S,0,3487
S,1,3488
S,0,3489
S,0,3490
S,1,3491
S,0,3492
Q,1,3493
S,0,3494
S,1,3495
S,0,3496
S,0,3497
S,1,3498
S,1,3499
S,1,3500
S,0,3501
S,0,3502
S,1,3503
Q,1,3504
Q,1,3505
S,1,3506
Q,0,3507
Q,0,3508
S,1,3509
S,0,3510
C,0,3511
S,1,3512
S,0,3513
C,1,3514
S,0,3515
S,1,3516
S,1,3517
S,0,3518
S,1,3519
S,1,3520
S,0,3521
S,0,3522
S,0,3523
C,1,3524
S,1,3525
S,1,3526
S,1,3527
S,0,3528
Q,0,3529
S,0,3530
S,1,3531
Q,1,3532
S,0,3533
S,0,3534
S,0,3535
C,0,3536
S,1,3537
S,0,3538
S,0,3539
S,1,3540
Q,1,3541
S,1,3542
C,0,3543
S,1,3544
S,0,3545
S,0,3546
S,0,3547
S,0,3548
S,0,3549
S,1,3550
S,1,3551
S,0,3552
C,0,3553
S,1,3554
S,0,3555
S,1,3556
Q,0,3557
S,1,3558
Q,0,3559
S,0,3560
C,0,3561
S,0,3562
C,1,3563
S,0,3564
S,1,3565
Q,0,3566
S,1,3567
C,0,3568
S,1,3569
C,1,3570
S,0,3571
S,0,3572
S,0,3573
S,0,3574
S,1,3575
C,0,3576
S,1,3577
S,0,3578
S,1,3579
S,0,3580
S,1,3581
S,0,3582
S,1,3583
S,0,3584
S,0,3585
S,0,3586
Q,1,3587
C,1,3588
S,0,3589
S,1,3590
S,0,3591
S,0,3592
Q,1,3593
S,0,3594
Q,1,3595
S,1,3596
S,0,3597
S,0,3598
S,0,3599
S,0,3600
S,0,3601
C,0,3602
S,1,3603
C,1,3604
S,1,3605
S,1,3606
S,1,3607
S,0,3608
S,1,3609
S,1,3610
S,1,3611
S,1,3612
S,0,3613
S,1,3614
S,1,3615
S,1,3616
S,1,3617
S,1,3618
C,0,3619
S,1,3620
Q,0,3621
S,0,3622
S,0,3623
S,1,3624
S,1,3625
S,1,3626
S,0,3627
C,0,3628
S,0,3629
C,1,3630
S,1,3631
S,1,3632
S,0,3633
S,0,3634
S,0,3635
S,1,3636
Q,1,3637
S,1,3638
S,0,3639
S,0,3640
S,1,3641
C,1,3642
S,1,3643
S,0,3644
C,1,3645
S,0,3646
C,1,3647
S,0,3648
C,1,3649
S,0,3650
S,1,3651
S,0,3652
S,0,3653
S,1,3654
S,1,3655
C,1,3656
S,1,3657
S,1,3658
C,1,3659
S,1,3660
S,1,3661
S,0,3662
S,1,3663
S,0,3664
S,0,3665
C,0,3666
S,0,3667
C,1,3668
Q,1,3669
C,0,3670
C,1,3671
S,0,3672
S,1,3673
S,0,3674
Q,1,3675
S,1,3676
S,0,3677
S,1,3678
S,1,3679
S,0,3680
C,0,3681
S,0,3682
C,0,3683
C,0,3684
S,0,3685
Q,1,3686
C,0,3687
Q,1,3688
S,1,3689
S,1,3690
S,1,3691
S,0,3692
C,0,3693
Q,0,3694
Q,0,3695
C,0,3696
S,1,3697
S,1,3698
S,0,3699
S,1,3700
S,1,3701
S,0,3702
S,1,3703
S,1,3704
S,1,3705
Q,1,3706
S,1,3707
S,0,3708
S,1,3709
S,0,3710
C,0,3711
S,1,3712
S,1,3713
S,0,3714
S,0,3715
S,1,3716
S,0,3717
S,0,3718
S,1,3719
S,0,3720
S,1,3721
S,0,3722
C,0,3723
C,1,3724
C,0,3725
S,0,3726
S,0,3727
S,0,3728
Q,1,3729
Q,0,3730
S,0,3731
S,1,3732
S,1,3733
C,1,3734
S,0,3735
C,0,3736
S,1,3737
C,1,3738
S,1,3739
S,0,3740
S,0,3741
C,1,3742
S,0,3743
S,1,3744
Q,0,3745
S,1,3746
S,0,3747
S,1,3748
S,1,3749
S,1,3750
S,0,3751
S,1,3752
S,1,3753
S,0,3754
S,1,3755
S,1,3756
S,1,3757
C,1,3758
S,1,3759
C,0,3760
C,1,3761
S,1,3762
S,0,3763
S,1,3764
Q,1,3765
C,0,3766
Q,1,3767
S,1,3768
S,0,3769
S,0,3770
S,0,3771
S,1,3772
C,1,3773
C,1,3774
S,0,3775
C,1,3776
S,1,3777
S,1,3778
S,1,3779
C,0,3780
C,0,3781
S,0,3782
S,0,3783
C,1,3784
S,0,3785
S,0,3786
S,0,3787
S,0,3788
S,0,3789
C,1,3790
S,1,3791
S,0,3792
C,1,3793
S,0,3794
C,1,3795
S,1,3796
Q,0,3797
C,1,3798
S,1,3799
S,1,3800
S,1,3801
S,1,3802
S,1,3803
S,1,3804
S,1,3805
S,0,3806
S,1,3807
S,0,3808
S,0,3809
S,0,3810
S,0,3811
S,1,3812
C,1,3813
S,0,3814
Q,1,3815
S,1,3816
S,1,3817
C,0,3818
C,0,3819
S,0,3820
S,0,3821
S,1,3822
S,1,3823
S,1,3824
C,1,3825
C,0,3826
S,0,3827
S,1,3828
C,1,3829
Q,0,3830
C,0,3831
Q,1,3832
S,1,3833
C,0,3834
Q,1,3835
S,1,3836
S,1,3837
S,1,3838
S,1,3839
S,0,3840
S,1,3841
S,0,3842
C,1,3843
S,0,3844
S,1,3845
S,1,3846
S,0,3847
S,1,3848
S,0,3849
S,1,3850
S,0,3851
S,1,3852
S,0,3853
S,0,3854
S,1,3855
S,1,3856
S,0,3857
S,1,3858
C,1,3859
S,1,3860
Q,0,3861
Q,0,3862
S,0,3863
S,0,3864
S,1,3865
S,0,3866
S,1,3867
S,1,3868
Q,1,3869
S,1,3870
S,1,3871
S,0,3872
S,1,3873
S,0,3874
S,1,3875
S,0,3876
S,1,3877
S,0,3878
C,1,3879
S,1,3880
S,0,3881
S,0,3882
S,0,3883
S,1,3884
S,1,3885
C,1,3886
S,1,3887
S,0,3888
C,0,3889
S,1,3890
S,1,3891
S,1,3892
S,1,3893
C,0,3894
S,0,3895
S,1,3896
C,0,3897
S,0,3898
S,1,3899
S,0,3900
S,1,3901
S,0,3902
S,0,3903
C,1,3904
S,0,3905
S,1,3906
Q,1,3907
S,1,3908
S,0,3909
S,0,3910
S,1,3911
S,0,3912
S,0,3913
S,1,3914
S,1,3915
S,1,3916
S,0,3917
S,0,3918
S,0,3919
S,1,3920
S,0,3921
S,0,3922
C,0,3923
S,0,3924
S,0,3925
S,0,3926
S,1,3927
C,0,3928
S,0,3929
S,1,3930
Q,1,3931
S,0,3932
S,1,3933
S,1,3934
Q,0,3935
S,1,3936
S,1,3937
C,1,3938
C,1,3939
S,0,3940
S,1,3941
S,0,3942
S,1,3943
S,1,3944
S,1,3945
S,1,3946
C,0,3947
S,1,3948
S,1,3949
S,0,3950
C,0,3951
Q,1,3952
C,0,3953
S,0,3954
C,0,3955
Q,0,3956
C,0,3957
C,0,3958
S,0,3959
S,1,3960
S,1,3961
C,0,3962
S,0,3963
S,1,3964
S,0,3965
S,0,3966
S,0,3967
S,1,3968
Q,1,3969
S,1,3970
S,0,3971
S,1,3972
S,0,3973
C,0,3974
S,1,3975
C,1,3976
S,0,3977
S,0,3978
S,1,3979
S,0,3980
S,0,3981
S,1,3982
S,1,3983
S,0,3984
S,1,3985
S,1,3986
S,0,3987
S,1,3988
S,1,3989
C,1,3990
C,1,3991
S,0,3992
S,0,3993
S,0,3994
S,0,3995
S,1,3996
S,1,3997
S,0,3998
C,1,3999
S,1,4000
S,1,4001
S,1,4002
S,0,4003
S,0,4004
S,1,4005
S,0,4006
C,1,4007
S,1,4008
S,0,4009
S,0,4010
Q,1,4011
S,1,4012
S,0,4013
S,0,4014
S,0,4015
S,0,4016
S,0,4017
Q,1,4018
S,1,4019
C,0,4020
S,1,4021
S,1,4022
C,0,4023
S,1,4024
S,1,4025
S,1,4026
S,0,4027
C,1,4028
S,0,4029
S,1,4030
S,1,4031
C,0,4032
S,1,4033
S,0,4034
C,1,4035
S,0,4036
S,1,4037
S,0,4038
C,0,4039
S,0,4040
Q,1,4041
C,1,4042
S,0,4043
S,1,4044
S,1,4045
S,0,4046
S,0,4047
Q,1,4048
S,0,4049
S,1,4050
C,0,4051
S,1,4052
S,1,4053
C,0,4054
S,0,4055
S,0,4056
C,1,4057
C,1,4058
C,1,4059
S,1,4060
S,0,4061
S,0,4062
S,0,4063
S,1,4064
Q,0,4065
Q,1,4066
Q,1,4067
S,1,4068
S,0,4069
S,1,4070
S,0,4071
S,0,4072
S,1,4073
S,0,4074
Q,1,4075
S,1,4076
S,1,4077
S,1,4078
S,1,4079
S,1,4080
S,0,4081
S,1,4082
C,0,4083
S,0,4084
S,0,4085
S,1,4086
S,1,4087
S,1,4088
C,0,4089
C,0,4090
S,0,4091
S,1,4092
S,1,4093
S,1,4094
S,1,4095
S,0,4096
S,0,4097
S,1,4098
S,1,4099
S,0,4100
S,0,4101
S,0,4102
C,0,4103
S,1,4104
S,1,4105
S,0,4106
S,0,4107
Q,1,4108
S,0,4109
S,1,4110
S,0,4111
S,1,4112
C,1,4113
S,1,4114
S,1,4115
Q,1,4116
S,0,4117
Q,1,4118
S,0,4119
S,0,4120
S,0,4121
S,0,4122
C,1,4123
S,0,4124
Q,0,4125
S,0,4126
S,1,4127
C,0,4128
S,0,4129
S,1,4130
C,0,4131
S,1,4132
S,0,4133
S,0,4134
Q,1,4135
C,1,4136
C,0,4137
S,1,4138
S,1,4139
C,1,4140
S,1,4141
S,1,4142
C,1,4143
S,0,4144
S,1,4145
S,0,4146
S,0,4147
C,0,4148
S,0,4149
S,0,4150
S,0,4151
S,1,4152
S,0,4153
S,0,4154
S,1,4155
Q,1,4156
S,1,4157
S,1,4158
S,0,4159
S,1,4160
S,0,4161
S,0,4162
C,0,4163
Q,1,4164
S,0,4165
Q,0,4166
S,0,4167
S,1,4168
S,1,4169
S,1,4170
S,0,4171
S,1,4172
C,1,4173
S,1,4174
C,1,4175
S,1,4176
C,1,4177
C,0,4178
S,1,4179
S,0,4180
S,0,4181
C,1,4182
S,0,4183
Q,0,4184
S,0,4185
S,0,4186
S,0,4187
S,0,4188
S,1,4189
S,0,4190
S,1,4191
S,0,4192
S,0,4193
S,0,4194
S,0,4195
S,1,4196
S,1,4197
C,1,4198
S,0,4199
S,1,4200
S,1,4201
S,1,4202
S,1,4203
C,0,4204
S,1,4205
S,0,4206
S,0,4207
S,0,4208
S,0,4209
Q,0,4210
C,0,4211
S,0,4212
S,1,4213
C,1,4214
S,1,4215
Q,1,4216
C,0,4217
C,0,4218
S,0,4219
S,1,4220
S,1,4221
S,0,4222
S,1,4223
S,1,4224
C,1,4225
C,1,4226
S,1,4227
S,1,4228
S,1,4229
S,0,4230
S,1,4231
S,0,4232
S,0,4233
S,0,4234
S,0,4235
S,0,4236
S,1,4237
C,0,4238
S,0,4239
C,1,4240
S,0,4241
Q,0,4242
S,0,4243
S,1,4244
S,0,4245
S,0,4246
C,0,4247
S,0,4248
C,1,4249
S,0,4250
Q,0,4251
S,0,4252
S,0,4253
C,1,4254
S,0,4255
S,0,4256
C,1,4257
S,1,4258
S,0,4259
S,1,4260
S,0,4261
S,0,4262
S,0,4263
S,1,4264
S,0,4265
S,0,4266
S,0,4267
S,0,4268
S,0,4269
S,1,4270
S,0,4271
S,1,4272
S,1,4273
C,0,4274
S,0,4275
C,1,4276
Q,0,4277
S,1,4278
C,0,4279
Q,0,4280
S,0,4281
S,1,4282
S,1,4283
C,1,4284
C,1,4285
S,1,4286
S,0,4287
S,1,4288
C,1,4289
C,1,4290
S,0,4291
S,0,4292
S,1,4293
S,1,4294
S,0,4295
Q,0,4296
S,1,4297
S,0,4298
S,0,4299
Q,0,4300
C,1,4301
S,1,4302
C,0,4303
S,0,4304
S,0,4305
S,1,4306
S,1,4307
S,1,4308
S,0,4309
S,0,4310
S,0,4311
S,1,4312
S,1,4313
S,0,4314
S,0,4315
S,0,4316
Q,0,4317
S,1,4318
S,0,4319
S,0,4320
Q,0,4321
S,0,4322
S,1,4323
S,1,4324
Q,1,4325
S,0,4326
S,1,4327
S,0,4328
S,0,4329
C,1,4330
C,0,4331
S,1,4332
S,0,4333
S,0,4334
S,1,4335
S,0,4336
S,1,4337
S,1,4338
S,1,4339
S,0,4340
S,0,4341
S,1,4342
S,1,4343
S,1,4344
C,0,4345
S,0,4346
C,1,4347
S,0,4348
S,0,4349
S,0,4350
S,0,4351
Q,1,4352
S,0,4353
S,0,4354
S,1,4355
S,1,4356
C,1,4357
S,1,4358
S,0,4359
S,0,4360
S,1,4361
S,0,4362
S,0,4363
Q,1,4364
C,0,4365
S,0,4366
S,1,4367
S,0,4368
S,1,4369
S,1,4370
Q,0,4371
S,1,4372
S,0,4373
Q,1,4374
S,1,4375
C,1,4376
C,0,4377
S,0,4378
C,1,4379
C,0,4380
S,0,4381
C,1,4382
S,0,4383
C,1,4384
S,0,4385
S,0,4386
Q,0,4387
S,1,4388
S,0,4389
S,0,4390
C,0,4391
S,0,4392
S,1,4393
S,1,4394
S,1,4395
S,0,4396
S,0,4397
S,1,4398
S,1,4399
S,0,4400
Q,0,4401
C,0,4402
C,1,4403
C,1,4404
S,1,4405
S,0,4406
C,1,4407
Q,0,4408
C,1,4409
S,1,4410
C,1,4411
S,0,4412
S,0,4413
C,0,4414
S,0,4415
C,0,4416
S,0,4417
C,0,4418
S,1,4419
S,1,4420
S,1,4421
S,0,4422
C,0,4423
C,0,4424
S,1,4425
S,0,4426
S,1,4427
S,0,4428
S,1,4429
S,0,4430
S,1,4431
S,1,4432
S,0,4433
C,0,4434
S,0,4435
S,0,4436
S,1,4437
S,1,4438
S,0,4439
S,1,4440
S,0,4441
C,0,4442
C,0,4443
S,0,4444
S,0,4445
S,1,4446
S,1,4447
S,0,4448
S,0,4449
C,1,4450
S,1,4451
S,1,4452
Q,0,4453
C,1,4454
S,0,4455
S,1,4456
S,1,4457
Q,0,4458
S,1,4459
S,0,4460
S,1,4461
S,0,4462
C,0,4463
C,1,4464
S,0,4465
S,1,4466
S,0,4467
S,1,4468
S,0,4469
C,0,4470
S,1,4471
S,0,4472
S,0,4473
C,1,4474
S,0,4475
C,0,4476
S,1,4477
C,1,4478
S,1,4479
Q,1,4480
Q,0,4481
C,1,4482
Q,1,4483
S,0,4484
S,1,4485
S,1,4486
S,0,4487
C,0,4488
C,0,4489
Q,1,4490
S,0,4491
S,0,4492
S,0,4493
S,0,4494
S,1,4495
C,1,4496
S,0,4497
S,0,4498
S,0,4499
S,1,4500
S,1,4501
S,1,4502
S,1,4503
C,0,4504
S,1,4505
S,0,4506
S,0,4507
S,1,4508
S,0,4509
Q,1,4510
S,1,4511
S,0,4512
S,0,4513
S,0,4514
S,0,4515
S,1,4516
S,0,4517
S,1,4518
S,1,4519
S,0,4520
S,0,4521
C,0,4522
Q,1,4523
S,1,4524
S,0,4525
S,0,4526
S,0,4527
C,0,4528
S,1,4529
S,0,4530
S,1,4531
S,1,4532
C,0,4533
S,0,4534
S,0,4535
S,0,4536
S,0,4537
C,0,4538
S,0,4539
C,0,4540
S,1,4541
S,0,4542
C,0,4543
S,0,4544
S,1,4545
S,0,4546
S,0,4547
S,1,4548
S,0,4549
S,1,4550
S,0,4551
S,0,4552
S,1,4553
S,0,4554
C,0,4555
Q,1,4556
S,0,4557
S,0,4558
S,1,4559
S,0,4560
S,0,4561
C,0,4562
S,1,4563
S,0,4564
S,0,4565
S,1,4566
S,0,4567
S,0,4568
C,1,4569
S,1,4570
S,1,4571
S,1,4572
S,0,4573
C,0,4574
S,0,4575
S,0,4576
C,1,4577
C,0,4578
S,1,4579
S,1,4580
S,0,4581
Q,0,4582
S,0,4583
S,0,4584
C,1,4585
C,0,4586
S,1,4587
S,1,4588
Q,0,4589
C,1,4590
S,1,4591
Q,0,4592
S,0,4593
S,0,4594
S,0,4595
Q,1,4596
S,0,4597
S,0,4598
S,1,4599
C,1,4600
C,0,4601
C,0,4602
S,1,4603
C,0,4604
S,1,4605
S,0,4606
S,0,4607
C,1,4608
S,1,4609
Q,0,4610
S,0,4611
C,1,4612
S,1,4613
S,1,4614
C,1,4615
S,1,4616
Q,1,4617
S,1,4618
S,0,4619
S,1,4620
S,0,4621
S,0,4622
S,1,4623
S,0,4624
S,1,4625
S,0,4626
S,0,4627
S,0,4628
S,0,4629
C,1,4630
S,1,4631
S,0,4632
C,0,4633
S,1,4634
S,1,4635
S,0,4636
S,1,4637
S,1,4638
S,0,4639
S,0,4640
S,0,4641
Q,1,4642
C,0,4643
S,0,4644
S,1,4645
S,1,4646
C,1,4647
S,0,4648
S,1,4649
S,0,4650
S,0,4651
S,1,4652
C,0,4653
Q,1,4654
S,1,4655
S,0,4656
Q,1,4657
S,0,4658
C,1,4659
S,0,4660
S,1,4661
S,1,4662
S,0,4663
S,0,4664
S,0,4665
S,1,4666
S,1,4667
C,0,4668
S,0,4669
S,1,4670
S,1,4671
S,0,4672
S,1,4673
C,1,4674
S,1,4675
S,1,4676
S,1,4677
S,1,4678
C,0,4679
C,0,4680
S,1,4681
S,0,4682
S,0,4683
Q,0,4684
S,1,4685
S,0,4686
S,0,4687
S,1,4688
S,1,4689
S,0,4690
S,0,4691
S,0,4692
S,0,4693
C,0,4694
C,1,4695
S,1,4696
Q,1,4697
S,0,4698
Q,0,4699
S,1,4700
S,1,4701
C,0,4702
S,1,4703
S,1,4704
S,1,4705
S,1,4706
S,1,4707
S,1,4708
S,1,4709
S,1,4710
C,0,4711
S,1,4712
S,1,4713
S,1,4714
Q,1,4715
S,1,4716
S,1,4717
C,0,4718
S,1,4719
S,1,4720
S,1,4721
C,0,4722
C,1,4723
S,0,4724
S,0,4725
S,1,4726
S,0,4727
S,0,4728
S,0,4729
C,1,4730
C,1,4731
S,0,4732
C,0,4733
Q,1,4734
S,1,4735
S,1,4736
S,1,4737
S,0,4738
S,0,4739
Q,1,4740
C,1,4741
S,0,4742
S,0,4743
S,0,4744
S,1,4745
S,1,4746
S,1,4747
C,1,4748
C,1,4749
S,0,4750
C,1,4751
C,0,4752
S,0,4753
S,0,4754
S,1,4755
S,1,4756
S,1,4757
S,0,4758
S,0,4759
Q,0,4760
S,1,4761
S,1,4762
S,0,4763
C,0,4764
S,0,4765
C,0,4766
S,0,4767
S,0,4768
S,0,4769
S,0,4770
S,0,4771
S,0,4772
C,0,4773
S,0,4774
S,0,4775
S,0,4776
S,0,4777
S,1,4778
S,1,4779
S,0,4780
S,0,4781
S,0,4782
S,0,4783
C,0,4784
C,1,4785
C,1,4786
S,1,4787
S,1,4788
S,1,4789
S,0,4790
S,0,4791
C,1,4792
S,1,4793
S,1,4794
S,1,4795
S,0,4796
S,0,4797
S,0,4798
S,0,4799
S,1,4800
Q,1,4801
Q,1,4802
S,0,4803
S,1,4804
S,1,4805
S,0,4806
S,0,4807
Q,0,4808
S,0,4809
S,1,4810
C,1,4811
S,1,4812
S,1,4813
C,1,4814
S,1,4815
C,0,4816
S,1,4817
S,0,4818
Q,1,4819
S,1,4820
S,1,4821
S,1,4822
S,0,4823
S,1,4824
C,1,4825
S,1,4826
C,1,4827
S,0,4828
S,1,4829
Q,0,4830
S,1,4831
S,0,4832
S,0,4833
S,1,4834
S,1,4835
C,0,4836
C,0,4837
C,1,4838
S,0,4839
S,1,4840
C,1,4841
S,0,4842
Q,1,4843
S,1,4844
C,0,4845
S,1,4846
C,1,4847
S,1,4848
C,1,4849
S,1,4850
S,0,4851
C,0,4852
C,1,4853
C,0,4854
S,1,4855
S,0,4856
S,1,4857
S,1,4858
S,1,4859
S,0,4860
S,0,4861
S,0,4862
C,1,4863
Q,0,4864
C,1,4865
S,0,4866
C,1,4867
S,1,4868
Q,1,4869
S,0,4870
S,1,4871
Q,0,4872
S,1,4873
C,0,4874
S,1,4875
S,0,4876
C,0,4877
S,0,4878
C,0,4879
S,1,4880
S,1,4881
Q,0,4882
C,0,4883
C,0,4884
S,1,4885
S,1,4886
S,1,4887
Q,0,4888
S,0,4889
C,1,4890
C,0,4891
S,0,4892
S,1,4893
S,0,4894
Q,0,4895
S,1,4896
C,0,4897
C,0,4898
S,0,4899
C,0,4900
S,0,4901
C,0,4902
C,0,4903
S,1,4904
Q,0,4905
S,1,4906
S,0,4907
S,1,4908
S,0,4909
S,1,4910
C,1,4911
S,0,4912
C,0,4913
C,1,4914
C,0,4915
S,1,4916
S,1,4917
C,0,4918
S,1,4919
C,0,4920
S,0,4921
S,0,4922
C,0,4923
S,1,4924
Q,0,4925
S,1,4926
C,1,4927
S,1,4928
Q,1,4929
Q,0,4930
S,0,4931
S,0,4932
C,1,4933
S,0,4934
S,0,4935
S,1,4936
Q,0,4937
S,0,4938
S,0,4939
S,0,4940
S,0,4941
S,1,4942
C,0,4943
Q,0,4944
S,1,4945
C,1,4946
S,0,4947
S,0,4948
S,1,4949
S,1,4950
Q,0,4951
S,0,4952
S,0,4953
S,0,4954
S,0,4955
S,0,4956
S,0,4957
S,0,4958
C,0,4959
S,0,4960
S,0,4961
S,0,4962
S,0,4963
S,1,4964
Q,1,4965
C,1,4966
C,0,4967
Q,0,4968
C,1,4969
S,0,4970
S,0,4971
S,0,4972
C,1,4973
S,0,4974
S,0,4975
S,1,4976
S,1,4977
S,1,4978
S,1,4979
S,0,4980
S,0,4981
S,1,4982
S,0,4983
S,0,4984
S,0,4985
S,1,4986
S,0,4987
S,0,4988
C,1,4989
S,1,4990
S,0,4991
S,1,4992
S,1,4993
S,1,4994
S,1,4995
S,0,4996
S,0,4997
S,1,4998
C,1,4999
S,0,5000
S,0,5001
S,1,5002
S,1,5003
C,0,5004
S,0,5005
Q,0,5006
Q,0,5007
C,0,5008
S,1,5009
S,0,5010
C,0,5011
S,1,5012
S,1,5013
S,1,5014
S,1,5015
S,0,5016
S,1,5017
S,0,5018
S,1,5019
C,0,5020
S,0,5021
S,1,5022
S,1,5023
S,0,5024
S,0,5025
S,0,5026
S,0,5027
S,1,5028
S,1,5029
S,0,5030
S,0,5031
S,1,5032
S,1,5033
S,1,5034
S,0,5035
Q,1,5036
S,0,5037
S,1,5038
S,0,5039
S,1,5040
S,1,5041
C,1,5042
Q,0,5043
S,1,5044
Q,0,5045
Q,1,5046
S,1,5047
C,1,5048
S,1,5049
S,1,5050
S,0,5051
C,0,5052
S,1,5053
S,1,5054
S,1,5055
S,1,5056
S,1,5057
S,0,5058
S,1,5059
C,0,5060
S,1,5061
S,0,5062
C,0,5063
S,1,5064
S,1,5065
S,0,5066
C,1,5067
C,0,5068
S,1,5069
C,0,5070
S,1,5071
S,1,5072
Q,1,5073
S,0,5074
S,0,5075
S,0,5076
S,0,5077
S,1,5078
S,1,5079
S,0,5080
S,1,5081
S,0,5082
S,1,5083
S,1,5084
Q,1,5085
C,1,5086
Q,0,5087
C,1,5088
S,0,5089
S,0,5090
C,0,5091
Q,0,5092
S,1,5093
S,0,5094
S,0,5095
S,1,5096
S,1,5097
S,1,5098
S,1,5099
S,0,5100
C,1,5101
S,0,5102
Q,1,5103
S,0,5104
C,1,5105
C,1,5106
S,0,5107
S,0,5108
Q,0,5109
S,1,5110
S,0,5111
Q,1,5112
C,0,5113
C,0,5114
S,0,5115
C,1,5116
S,0,5117
S,0,5118
S,1,5119
S,1,5120
S,1,5121
S,1,5122
Q,1,5123
C,1,5124
S,1,5125
S,0,5126
S,0,5127
S,0,5128
S,1,5129
S,0,5130
Q,1,5131
S,1,5132
S,0,5133
Q,1,5134
S,0,5135
Q,1,5136
C,0,5137
S,0,5138
S,1,5139
C,1,5140
S,0,5141
S,0,5142
S,1,5143
S,1,5144
S,1,5145
S,1,5146
S,0,5147
S,1,5148
S,1,5149
S,1,5150
S,1,5151
S,0,5152
S,1,5153
C,0,5154
S,0,5155
S,0,5156
S,1,5157
S,1,5158
C,0,5159
S,1,5160
S,1,5161
S,1,5162
S,0,5163
S,1,5164
S,0,5165
S,1,5166
S,1,5167
S,0,5168
S,0,5169
S,0,5170
S,1,5171
S,1,5172
S,0,5173
C,0,5174
S,0,5175
Q,1,5176
Q,0,5177
S,1,5178
C,0,5179
S,0,5180
S,1,5181
S,0,5182
S,1,5183
S,1,5184
Q,0,5185
S,0,5186
Q,0,5187
S,0,5188
Q,0,5189
C,1,5190
Q,0,5191
S,0,5192
S,0,5193
S,1,5194
Q,0,5195
S,0,5196
S,1,5197
S,0,5198
S,1,5199
S,0,5200
S,1,5201
S,1,5202
S,1,5203
S,0,5204
S,1,5205
S,0,5206
C,1,5207
S,1,5208
S,0,5209
S,0,5210
S,0,5211
S,1,5212
S,1,5213
S,1,5214
C,1,5215
C,1,5216
Q,0,5217
S,0,5218
S,0,5219
S,1,5220
C,1,5221
Q,1,5222
S,1,5223
S,1,5224
S,1,5225
S,0,5226
S,1,5227
S,1,5228
C,1,5229
S,0,5230
S,0,5231
S,0,5232
S,0,5233
S,1,5234
S,1,5235
S,0,5236
C,1,5237
C,1,5238
Q,1,5239
S,0,5240
S,0,5241
S,0,5242
S,0,5243
Q,1,5244
S,0,5245
S,0,5246
C,1,5247
C,1,5248
Q,1,5249
S,1,5250
C,0,5251
S,0,5252
C,0,5253
S,1,5254
S,1,5255
S,0,5256
S,1,5257
C,1,5258
Q,0,5259
C,0,5260
C,1,5261
S,1,5262
S,0,5263
S,1,5264
S,1,5265
C,0,5266
C,0,5267
Q,1,5268
C,1,5269
S,0,5270
C,0,5271
S,0,5272
S,1,5273
S,1,5274
S,1,5275
S,0,5276
Q,0,5277
C,0,5278
S,0,5279
S,0,5280
S,0,5281
S,1,5282
C,1,5283
S,1,5284
C,1,5285
C,1,5286
S,1,5287
S,0,5288
S,1,5289
S,1,5290
S,1,5291
S,1,5292
S,0,5293
S,0,5294
Q,1,5295
S,1,5296
Q,1,5297
S,1,5298
S,0,5299
S,0,5300
S,0,5301
Q,0,5302
S,0,5303
S,0,5304
S,0,5305
S,0,5306
S,1,5307
S,0,5308
S,1,5309
S,0,5310
S,0,5311
C,0,5312
S,1,5313
S,1,5314
S,0,5315
S,0,5316
C,0,5317
C,0,5318
S,0,5319
S,1,5320
S,0,5321
C,1,5322
S,0,5323
C,1,5324
S,0,5325
C,0,5326
Q,1,5327
S,1,5328
C,1,5329
C,1,5330
C,0,5331
S,0,5332
C,0,5333
Q,1,5334
S,0,5335
S,0,5336
S,1,5337
Q,0,5338
S,1,5339
S,0,5340
C,0,5341
C,1,5342
S,1,5343
C,1,5344
S,0,5345
S,0,5346
C,0,5347
S,0,5348
S,0,5349
S,1,5350
S,0,5351
S,0,5352
S,1,5353
S,1,5354
S,0,5355
C,1,5356
S,0,5357
S,0,5358
S,0,5359
S,0,5360
S,1,5361
Q,1,5362
S,0,5363
S,0,5364
S,1,5365
C,1,5366
S,0,5367
C,1,5368
S,0,5369
S,0,5370
S,1,5371
S,1,5372
S,0,5373
S,0,5374
S,1,5375
S,1,5376
S,0,5377
S,0,5378
S,0,5379
S,0,5380
S,0,5381
C,0,5382
Q,0,5383
C,0,5384
S,0,5385
S,0,5386
S,1,5387
C,1,5388
S,0,5389
S,1,5390
S,1,5391
S,1,5392
S,1,5393
S,1,5394
C,1,5395
Q,0,5396
S,1,5397
S,0,5398
S,0,5399
S,0,5400
S,0,5401
S,0,5402
C,1,5403
C,0,5404
S,0,5405
S,0,5406
S,1,5407
S,1,5408
S,0,5409
S,1,5410
S,0,5411
S,1,5412
S,1,5413
C,0,5414
S,1,5415
S,1,5416
Q,1,5417
Q,0,5418
C,1,5419
S,1,5420
S,1,5421
S,1,5422
Q,1,5423
C,0,5424
S,1,5425
S,0,5426
C,1,5427
Q,0,5428
Q,0,5429
S,1,5430
Q,1,5431
S,0,5432
S,0,5433
S,1,5434
S,0,5435
S,0,5436
S,1,5437
S,1,5438
S,0,5439
S,1,5440
S,1,5441
S,0,5442
S,1,5443
C,0,5444
S,0,5445
S,1,5446
S,0,5447
S,0,5448
S,0,5449
S,1,5450
S,0,5451
S,1,5452
S,0,5453
S,1,5454
S,0,5455
C,0,5456
S,0,5457
S,0,5458
S,0,5459
C,1,5460
S,1,5461
S,1,5462
S,0,5463
S,0,5464
S,0,5465
S,0,5466
S,0,5467
S,1,5468
S,1,5469
Q,1,5470
S,0,5471
S,0,5472
C,1,5473
S,1,5474
S,0,5475
C,0,5476
S,0,5477
Q,0,5478
S,1,5479
S,1,5480
S,1,5481
S,0,5482
Q,0,5483
S,1,5484
S,1,5485
S,1,5486
S,0,5487
S,1,5488
S,0,5489
S,0,5490
C,0,5491
S,0,5492
C,1,5493
C,1,5494
S,0,5495
S,1,5496
S,1,5497
C,1,5498
S,1,5499
S,1,5500
S,1,5501
S,0,5502
C,0,5503
S,1,5504
S,0,5505
Q,1,5506
S,0,5507
C,0,5508
S,0,5509
S,0,5510
C,1,5511
C,1,5512
Q,1,5513
S,1,5514
Q,0,5515
S,1,5516
C,0,5517
S,0,5518
S,0,5519
C,0,5520
S,1,5521
S,0,5522
S,1,5523
S,1,5524
Q,0,5525
S,0,5526
Q,1,5527
S,1,5528
S,1,5529
S,1,5530
S,1,5531
C,1,5532
S,1,5533
S,1,5534
C,0,5535
S,0,5536
S,0,5537
S,1,5538
Q,1,5539
Q,0,5540
C,0,5541
S,0,5542
S,1,5543
Q,1,5544
S,0,5545
S,1,5546
C,0,5547
S,1,5548
S,0,5549
S,1,5550
S,1,5551
S,1,5552
S,0,5553
C,0,5554
C,0,5555
S,0,5556
S,0,5557
S,1,5558
S,1,5559
Q,1,5560
S,1,5561
S,1,5562
C,0,5563
C,0,5564
C,0,5565
C,0,5566
S,0,5567
C,0,5568
S,1,5569
C,1,5570
Q,1,5571
S,0,5572
C,0,5573
C,1,5574
S,0,5575
S,1,5576
S,0,5577
S,1,5578
S,1,5579
C,0,5580
S,1,5581
S,1,5582
Q,1,5583
S,1,5584
Q,0,5585
C,1,5586
S,0,5587
S,0,5588
S,0,5589
S,1,5590
S,1,5591
S,0,5592
S,1,5593
S,0,5594
S,1,5595
S,1,5596
S,1,5597
S,0,5598
S,0,5599
C,0,5600
C,0,5601
C,1,5602
S,1,5603
S,0,5604
S,1,5605
S,0,5606
Q,1,5607
S,0,5608
C,0,5609
Q,1,5610
S,0,5611
C,0,5612
S,1,5613
S,0,5614
S,1,5615
S,1,5616
S,0,5617
Q,0,5618
Q,1,5619
S,0,5620
S,0,5621
S,1,5622
S,0,5623
S,1,5624
S,1,5625
S,0,5626
Q,0,5627
C,1,5628
S,0,5629
S,0,5630
S,0,5631
S,1,5632
Q,1,5633
S,0,5634
C,1,5635
Q,1,5636
S,0,5637
S,0,5638
S,0,5639
S,1,5640
S,0,5641
Q,0,5642
S,0,5643
Q,1,5644
Q,1,5645
Q,0,5646
Q,1,5647
S,1,5648
S,1,5649
S,1,5650
C,0,5651
C,1,5652
Q,1,5653
S,0,5654
C,0,5655
S,0,5656
C,1,5657
C,1,5658
S,1,5659
S,1,5660
S,0,5661
C,1,5662
S,1,5663
S,1,5664
S,1,5665
S,1,5666
C,1,5667
C,0,5668
S,1,5669
S,0,5670
S,0,5671
S,1,5672
S,0,5673
S,1,5674
S,0,5675
Q,0,5676
S,1,5677
S,1,5678
S,1,5679
C,1,5680
S,0,5681
C,0,5682
S,0,5683
S,1,5684
S,0,5685
S,1,5686
S,0,5687
C,0,5688
S,1,5689
C,1,5690
S,1,5691
S,0,5692
S,1,5693
S,1,5694
S,0,5695
C,1,5696
S,1,5697
S,0,5698
C,1,5699
S,0,5700
S,1,5701
Q,1,5702
S,0,5703
S,1,5704
S,1,5705
S,1,5706
S,0,5707
S,1,5708
C,1,5709
S,0,5710
S,0,5711
S,1,5712
C,1,5713
C,0,5714
C,0,5715
S,1,5716
C,0,5717
S,1,5718
S,1,5719
C,0,5720
S,1,5721
C,0,5722
S,0,5723
S,1,5724
S,1,5725
S,0,5726
S,1,5727
C,0,5728
S,0,5729
C,0,5730
S,0,5731
S,0,5732
S,0,5733
S,0,5734
S,1,5735
S,0,5736
S,1,5737
S,0,5738
C,1,5739
C,0,5740
Q,0,5741
S,1,5742
S,0,5743
S,1,5744
S,1,5745
C,0,5746
S,1,5747
S,1,5748
S,1,5749
S,1,5750
C,1,5751
S,1,5752
S,1,5753
S,1,5754
C,0,5755
S,0,5756
C,1,5757
C,1,5758
C,0,5759
S,1,5760
C,0,5761
S,1,5762
S,0,5763
S,0,5764
Q,1,5765
S,1,5766
S,0,5767
S,0,5768
S,1,5769
S,0,5770
S,0,5771
Q,1,5772
C,0,5773
S,0,5774
S,1,5775
S,1,5776
S,0,5777
C,0,5778
S,1,5779
S,1,5780
S,0,5781
C,1,5782
Q,0,5783
S,1,5784
S,0,5785
C,0,5786
S,0,5787
Q,0,5788
S,0,5789
S,0,5790
S,0,5791
S,0,5792
S,1,5793
S,1,5794
S,0,5795
S,1,5796
S,1,5797
S,0,5798
S,0,5799
C,0,5800
S,0,5801
S,0,5802
S,0,5803
S,1,5804
C,1,5805
S,1,5806
S,1,5807
Q,1,5808
S,0,5809
C,1,5810
S,1,5811
S,1,5812
S,0,5813
S,0,5814
S,0,5815
Q,0,5816
S,0,5817
S,1,5818
S,0,5819
S,0,5820
S,1,5821
S,0,5822
S,1,5823
S,0,5824
S,0,5825
S,0,5826
S,1,5827
S,1,5828
S,1,5829
S,0,5830
Q,1,5831
S,0,5832
S,0,5833
S,1,5834
C,1,5835
S,1,5836
S,1,5837
S,1,5838
C,0,5839
S,0,5840
Q,1,5841
C,0,5842
S,0,5843
C,0,5844
S,0,5845
S,1,5846
C,1,5847
S,0,5848
C,0,5849
S,1,5850
C,0,5851
C,0,5852
S,1,5853
S,0,5854
C,0,5855
Q,1,5856
S,0,5857
C,1,5858
C,0,5859
Q,0,5860
S,1,5861
S,0,5862
C,1,5863
S,0,5864
C,1,5865
S,0,5866
S,0,5867
S,1,5868
S,0,5869
C,0,5870
S,1,5871
S,1,5872
S,0,5873
C,0,5874
S,0,5875
S,0,5876
C,1,5877
S,1,5878
C,1,5879
S,0,5880
S,0,5881
S,0,5882
S,1,5883
S,0,5884
S,0,5885
C,1,5886
S,1,5887
C,0,5888
S,1,5889
C,0,5890
S,0,5891
S,1,5892
S,0,5893
S,0,5894
S,0,5895
Q,0,5896
S,0,5897
S,0,5898
S,1,5899
S,1,5900
C,0,5901
C,0,5902
S,1,5903
S,1,5904
S,0,5905
S,0,5906
S,1,5907
S,1,5908
S,1,5909
S,1,5910
S,1,5911
S,0,5912
S,1,5913
S,0,5914
S,0,5915
S,0,5916
S,0,5917
S,0,5918
S,1,5919
S,1,5920
S,1,5921
S,0,5922
S,1,5923
S,1,5924
S,0,5925
S,0,5926
S,1,5927
C,0,5928
C,0,5929
S,1,5930
S,1,5931
Q,1,5932
S,1,5933
S,1,5934
C,1,5935
Q,0,5936
S,0,5937
C,0,5938
S,1,5939
S,1,5940
Q,1,5941
S,0,5942
S,1,5943
S,0,5944
S,0,5945
S,0,5946
S,0,5947
S,1,5948
S,1,5949
C,1,5950
S,1,5951
Q,1,5952
C,1,5953
C,0,5954
S,0,5955
S,0,5956
S,0,5957
S,1,5958
S,0,5959
S,0,5960
S,1,5961
S,0,5962
S,1,5963
S,0,5964
S,0,5965
C,1,5966
C,1,5967
Q,1,5968
S,0,5969
S,1,5970
C,1,5971
S,0,5972
Q,0,5973
S,1,5974
S,0,5975
C,1,5976
S,0,5977
S,0,5978
S,1,5979
C,1,5980
S,0,5981
S,0,5982
S,1,5983
S,0,5984
S,0,5985
S,0,5986
C,1,5987
S,1,5988
C,1,5989
S,1,5990
S,0,5991
S,1,5992
S,0,5993
Q,1,5994
S,0,5995
S,0,5996
S,0,5997
S,1,5998
S,0,5999
S,0,6000
S,1,6001
S,0,6002
S,1,6003
Q,1,6004
C,0,6005
S,0,6006
S,1,6007
S,1,6008
S,0,6009
C,1,6010
S,0,6011
S,0,6012
S,0,6013
S,1,6014
S,1,6015
S,1,6016
S,1,6017
S,0,6018
S,1,6019
S,1,6020
Q,0,6021
S,1,6022
C,0,6023
Q,0,6024
S,1,6025
C,0,6026
S,1,6027
Q,0,6028
S,1,6029
S,1,6030
S,1,6031
Q,0,6032
S,0,6033
C,0,6034
S,0,6035
C,0,6036
S,1,6037
S,1,6038
S,0,6039
S,0,6040
S,1,6041
S,1,6042
S,1,6043
C,0,6044
C,1,6045
S,0,6046
S,1,6047
S,0,6048
S,1,6049
S,1,6050
S,0,6051
S,0,6052
S,0,6053
C,1,6054
S,1,6055
C,1,6056
S,0,6057
S,0,6058
C,0,6059
Q,0,6060
S,0,6061
S,0,6062
S,1,6063
C,0,6064
S,0,6065
S,0,6066
S,1,6067
S,1,6068
S,0,6069
C,1,6070
S,1,6071
C,0,6072
S,0,6073
C,0,6074
S,0,6075
Q,1,6076
S,0,6077
S,0,6078
S,0,6079
S,1,6080
S,1,6081
S,0,6082
Q,0,6083
Q,1,6084
S,0,6085
Q,1,6086
S,0,6087
C,1,6088
C,1,6089
S,0,6090
S,1,6091
S,0,6092
S,1,6093
S,1,6094
S,0,6095
Q,0,6096
S,1,6097
S,0,6098
C,0,6099
C,1,6100
C,1,6101
C,0,6102
S,0,6103
C,0,6104
S,0,6105
S,1,6106
S,0,6107
S,0,6108
S,0,6109
S,1,6110
S,1,6111
C,1,6112
S,1,6113
Q,1,6114
S,1,6115
S,1,6116
S,1,6117
S,0,6118
S,0,6119
C,0,6120
S,1,6121
C,1,6122
S,1,6123
C,0,6124
S,0,6125
S,0,6126
Q,0,6127
S,0,6128
S,1,6129
C,1,6130
S,0,6131
S,0,6132
C,1,6133
S,1,6134
Q,1,6135
S,1,6136
S,0,6137
C,0,6138
S,1,6139
S,1,6140
S,0,6141
S,0,6142
S,1,6143
S,0,6144
S,0,6145
S,0,6146
C,1,6147
C,0,6148
S,1,6149
C,0,6150
Q,0,6151
S,0,6152
S,0,6153
S,0,6154
Q,1,6155
S,0,6156
S,0,6157
S,0,6158
S,0,6159
S,0,6160
S,0,6161
S,0,6162
S,0,6163
S,0,6164
S,0,6165
Q,0,6166
S,0,6167
S,0,6168
S,0,6169
S,1,6170
S,1,6171
C,1,6172
C,0,6173
Q,0,6174
S,0,6175
S,1,6176
Q,1,6177
S,1,6178
S,1,6179
C,1,6180
S,1,6181
C,1,6182
S,1,6183
S,0,6184
Q,0,6185
S,0,6186
Q,1,6187
S,1,6188
C,1,6189
S,0,6190
S,1,6191
S,1,6192
S,0,6193
S,1,6194
S,0,6195
S,1,6196
S,0,6197
C,0,6198
S,1,6199
S,1,6200
C,0,6201
C,0,6202
S,0,6203
S,1,6204
S,0,6205
S,0,6206
S,0,6207
S,0,6208
S,0,6209
C,0,6210
S,0,6211
S,1,6212
S,0,6213
S,0,6214
S,0,6215
S,0,6216
C,0,6217
S,1,6218
S,0,6219
S,1,6220
Q,1,6221
Q,1,6222
S,1,6223
S,1,6224
S,0,6225
S,0,6226
S,1,6227
S,0,6228
S,1,6229
S,1,6230
S,1,6231
S,1,6232
S,1,6233
Q,1,6234
C,0,6235
S,0,6236
S,0,6237
S,1,6238
S,1,6239
S,0,6240
S,0,6241
C,1,6242
S,1,6243
S,1,6244
S,0,6245
S,0,6246
Q,0,6247
S,0,6248
S,1,6249
S,0,6250
C,0,6251
S,0,6252
C,0,6253
S,0,6254
S,0,6255
S,0,6256
S,0,6257
S,0,6258
S,1,6259
S,0,6260
Q,1,6261
C,0,6262
C,1,6263
S,1,6264
S,0,6265
S,1,6266
S,1,6267
S,1,6268
S,0,6269
S,0,6270
S,0,6271
C,1,6272
S,0,6273
C,0,6274
C,1,6275
S,1,6276
S,0,6277
Q,0,6278
S,1,6279
S,0,6280
S,1,6281
S,0,6282
S,1,6283
S,1,6284
S,1,6285
C,0,6286
S,1,6287
S,0,6288
S,1,6289
C,0,6290
C,1,6291
S,0,6292
C,1,6293
S,0,6294
Q,0,6295
S,0,6296
S,1,6297
C,1,6298
S,1,6299
S,0,6300
S,1,6301
S,1,6302
S,1,6303
S,0,6304
S,0,6305
S,0,6306
S,1,6307
S,0,6308
S,1,6309
S,1,6310
C,0,6311
S,0,6312
Q,1,6313
S,1,6314
S,1,6315
S,0,6316
S,1,6317
C,1,6318
S,1,6319
S,1,6320
S,0,6321
S,1,6322
S,1,6323
S,0,6324
Q,0,6325
C,0,6326
C,0,6327
S,1,6328
S,0,6329
S,0,6330
S,0,6331
S,0,6332
S,0,6333
S,0,6334
S,0,6335
S,0,6336
S,1,6337
S,0,6338
S,1,6339
S,0,6340
S,1,6341
S,0,6342
S,0,6343
S,1,6344
S,1,6345
C,0,6346
C,0,6347
S,0,6348
S,1,6349
S,1,6350
C,1,6351
S,0,6352
Q,1,6353
C,0,6354
C,0,6355
S,0,6356
S,0,6357
C,0,6358
Q,1,6359
S,1,6360
S,1,6361
S,1,6362
S,1,6363
S,1,6364
S,1,6365
Q,0,6366
S,0,6367
S,0,6368
C,1,6369
C,1,6370
S,1,6371
S,1,6372
S,0,6373
Q,0,6374
S,0,6375
S,0,6376
S,0,6377
S,1,6378
S,1,6379
S,1,6380
S,1,6381
Q,0,6382
S,1,6383
Q,1,6384
S,1,6385
S,0,6386
C,0,6387
S,1,6388
S,0,6389
S,0,6390
S,0,6391
S,0,6392
S,0,6393
C,1,6394
S,0,6395
S,0,6396
S,1,6397
S,1,6398
S,1,6399
S,1,6400
S,1,6401
S,1,6402
S,0,6403
S,1,6404
S,1,6405
S,0,6406
S,1,6407
S,1,6408
S,0,6409
C,1,6410
S,1,6411
S,0,6412
S,1,6413
S,1,6414
S,1,6415
C,0,6416
S,0,6417
S,0,6418
S,1,6419
S,1,6420
S,1,6421
C,0,6422
Q,1,6423
S,1,6424
C,1,6425
C,1,6426
C,1,6427
C,1,6428
C,1,6429
S,0,6430
S,1,6431
S,0,6432
S,0,6433
S,0,6434
S,1,6435
S,1,6436
C,0,6437
C,0,6438
Q,1,6439
S,0,6440
C,0,6441
S,1,6442
S,1,6443
S,0,6444
S,1,6445
S,0,6446
C,1,6447
S,0,6448
C,1,6449
S,0,6450
S,0,6451
S,0,6452
C,0,6453
C,0,6454
S,0,6455
S,1,6456
Q,0,6457
S,1,6458
C,1,6459
S,0,6460
S,0,6461
S,0,6462
S,1,6463
S,0,6464
S,1,6465
Q,0,6466
S,1,6467
S,0,6468
S,0,6469
S,0,6470
S,0,6471
Q,1,6472
C,0,6473
S,1,6474
S,0,6475
S,0,6476
S,0,6477
S,1,6478
S,1,6479
S,0,6480
C,1,6481
S,1,6482
S,1,6483
S,1,6484
C,0,6485
S,1,6486
S,0,6487
S,0,6488
S,0,6489
S,0,6490
S,1,6491
C,0,6492
S,0,6493
S,0,6494
S,1,6495
S,0,6496
Q,0,6497
Q,1,6498
S,0,6499
Q,0,6500
S,0,6501
S,1,6502
S,0,6503
Q,0,6504
S,1,6505
Q,1,6506
S,1,6507
C,1,6508
S,0,6509
S,0,6510
S,1,6511
S,1,6512
S,1,6513
C,0,6514
Q,0,6515
C,1,6516
C,1,6517
S,1,6518
S,1,6519
S,1,6520
S,1,6521
S,0,6522
S,1,6523
S,1,6524
S,0,6525
S,0,6526
S,1,6527
S,0,6528
S,1,6529
S,0,6530
S,0,6531
C,0,6532
S,0,6533
S,1,6534
S,0,6535
S,1,6536
S,1,6537
S,0,6538
C,1,6539
S,1,6540
S,0,6541
S,1,6542
C,1,6543
S,0,6544
C,1,6545
S,0,6546
C,0,6547
Q,1,6548
S,1,6549
C,1,6550
Q,1,6551
S,0,6552
C,0,6553
S,1,6554
C,1,6555
S,1,6556
C,0,6557
S,1,6558
S,1,6559
C,1,6560
S,0,6561
C,0,6562
S,0,6563
S,1,6564
C,0,6565
S,0,6566
S,1,6567
S,0,6568
C,1,6569
S,1,6570
S,1,6571
S,0,6572
S,1,6573
S,1,6574
S,1,6575
S,1,6576
S,0,6577
S,1,6578
S,0,6579
Q,1,6580
S,0,6581
S,0,6582
S,0,6583
S,0,6584
S,1,6585
S,0,6586
S,0,6587
S,1,6588
S,1,6589
S,1,6590
S,0,6591
S,0,6592
S,1,6593
C,0,6594
S,1,6595
C,1,6596
S,1,6597
S,1,6598
S,0,6599
Q,0,6600
S,0,6601
S,1,6602
C,0,6603
C,1,6604
S,1,6605
S,0,6606
S,1,6607
C,1,6608
C,0,6609
S,1,6610
S,1,6611
S,0,6612
C,0,6613
S,1,6614
S,0,6615
S,1,6616
S,1,6617
S,0,6618
C,0,6619
S,1,6620
S,1,6621
S,0,6622
S,1,6623
Q,1,6624
C,1,6625
S,0,6626
C,0,6627
S,0,6628
S,0,6629
S,1,6630
S,0,6631
S,1,6632
Q,0,6633
Q,0,6634
S,0,6635
S,1,6636
S,0,6637
S,0,6638
Q,1,6639
S,0,6640
S,0,6641
S,1,6642
C,1,6643
S,1,6644
Q,1,6645
S,1,6646
Q,0,6647
C,0,6648
S,1,6649
C,1,6650
S,1,6651
S,0,6652
S,0,6653
S,0,6654
C,1,6655
S,0,6656
S,1,6657
S,0,6658
C,0,6659
S,1,6660
S,1,6661
S,1,6662
C,0,6663
S,1,6664
S,1,6665
S,0,6666
C,1,6667
C,0,6668
S,1,6669
Q,0,6670
S,0,6671
S,1,6672
C,1,6673
S,1,6674
S,1,6675
Q,0,6676
S,1,6677
Q,1,6678
S,1,6679
C,0,6680
S,1,6681
S,1,6682
S,1,6683
C,1,6684
S,1,6685
S,0,6686
S,1,6687
C,0,6688
S,0,6689
C,1,6690
S,1,6691
S,0,6692
C,0,6693
S,1,6694
S,1,6695
Q,0,6696
Q,0,6697
Q,1,6698
S,0,6699
S,1,6700
C,0,6701
C,0,6702
S,0,6703
Q,1,6704
S,1,6705
Q,0,6706
S,0,6707
S,0,6708
Q,0,6709
Q,0,6710
C,1,6711
S,1,6712
S,0,6713
C,1,6714
C,0,6715
S,0,6716
S,1,6717
S,0,6718
S,1,6719
S,1,6720
S,1,6721
S,0,6722
S,0,6723
C,1,6724
S,1,6725
S,1,6726
S,0,6727
S,0,6728
C,0,6729
S,1,6730
C,1,6731
C,1,6732
S,0,6733
C,1,6734
C,0,6735
S,0,6736
C,1,6737
S,0,6738
S,1,6739
S,0,6740
S,1,6741
S,1,6742
S,0,6743
C,0,6744
Q,1,6745
Q,1,6746
S,0,6747
S,0,6748
S,0,6749
Q,0,6750
C,1,6751
S,1,6752
S,0,6753
S,0,6754
S,1,6755
S,0,6756
C,0,6757
S,0,6758
C,0,6759
S,0,6760
Q,0,6761
S,1,6762
S,1,6763
S,1,6764
Q,0,6765
S,1,6766
S,0,6767
S,1,6768
S,1,6769
S,0,6770
S,1,6771
S,0,6772
S,0,6773
S,0,6774
S,0,6775
S,1,6776
S,0,6777
S,0,6778
S,0,6779
S,0,6780
S,1,6781
S,1,6782
S,1,6783
S,1,6784
C,0,6785
S,1,6786
S,0,6787
S,1,6788
C,1,6789
S,1,6790
S,1,6791
S,0,6792
S,1,6793
C,1,6794
Q,0,6795
S,1,6796
S,0,6797
S,1,6798
S,1,6799
S,0,6800
S,0,6801
S,0,6802
S,1,6803
Q,0,6804
S,1,6805
S,0,6806
S,0,6807
S,0,6808
S,1,6809
S,0,6810
S,1,6811
Q,1,6812
S,1,6813
C,0,6814
S,1,6815
S,0,6816
C,0,6817
C,0,6818
S,0,6819
S,0,6820
S,1,6821
S,0,6822
S,0,6823
S,0,6824
C,1,6825
S,1,6826
S,1,6827
C,1,6828
S,1,6829
S,0,6830
C,0,6831
S,1,6832
S,0,6833
S,1,6834
S,0,6835
S,1,6836
S,1,6837
S,0,6838
C,0,6839
S,0,6840
C,1,6841
S,0,6842
C,0,6843
S,0,6844
S,0,6845
S,0,6846
S,1,6847
S,0,6848
S,1,6849
Q,1,6850
C,0,6851
Q,0,6852
S,0,6853
S,0,6854
S,1,6855
Q,0,6856
S,1,6857
S,1,6858
S,1,6859
S,0,6860
S,0,6861
C,1,6862
C,0,6863
S,0,6864
C,0,6865
S,0,6866
C,0,6867
S,1,6868
S,0,6869
S,1,6870
S,1,6871
S,0,6872
S,0,6873
S,0,6874
S,1,6875
Q,0,6876
S,0,6877
S,1,6878
S,0,6879
S,1,6880
S,1,6881
S,0,6882
S,0,6883
S,0,6884
S,1,6885
S,0,6886
S,0,6887
S,0,6888
S,1,6889
Q,1,6890
S,0,6891
S,1,6892
S,0,6893
C,0,6894
C,0,6895
S,0,6896
S,1,6897
S,1,6898
S,0,6899
S,0,6900
C,1,6901
Q,0,6902
Q,1,6903
S,0,6904
S,1,6905
S,0,6906
Q,0,6907
C,0,6908
Q,0,6909
C,0,6910
S,0,6911
Q,1,6912
C,1,6913
C,1,6914
S,1,6915
S,0,6916
C,1,6917
C,0,6918
S,1,6919
S,1,6920
S,0,6921
S,0,6922
S,0,6923
S,0,6924
S,0,6925
C,0,6926
S,0,6927
S,1,6928
S,0,6929
S,1,6930
S,1,6931
C,1,6932
C,0,6933
S,1,6934
S,0,6935
S,0,6936
S,0,6937
S,1,6938
S,1,6939
S,0,6940
C,1,6941
S,0,6942
S,0,6943
C,0,6944
S,1,6945
S,1,6946
S,1,6947
S,1,6948
S,0,6949
S,1,6950
S,1,6951
S,0,6952
S,0,6953
Q,1,6954
S,0,6955
S,1,6956
S,1,6957
S,1,6958
C,0,6959
S,1,6960
S,1,6961
S,0,6962
C,0,6963
S,1,6964
C,0,6965
Q,1,6966
S,0,6967
S,0,6968
S,0,6969
S,1,6970
S,1,6971
C,0,6972
S,0,6973
S,1,6974
S,1,6975
S,1,6976
S,0,6977
S,1,6978
S,0,6979
S,1,6980
S,0,6981
S,1,6982
C,0,6983
S,0,6984
S,1,6985
Q,0,6986
C,0,6987
S,0,6988
S,1,6989
S,1,6990
S,0,6991
S,1,6992
S,0,6993
S,0,6994
S,1,6995
S,0,6996
S,0,6997
S,0,6998
S,0,6999
Q,1,7000
C,0,7001
S,1,7002
C,1,7003
Q,1,7004
C,0,7005
S,0,7006
S,0,7007
S,0,7008
S,1,7009
S,0,7010
S,1,7011
S,1,7012
S,0,7013
S,1,7014
C,0,7015
S,1,7016
S,0,7017
S,0,7018
S,1,7019
S,0,7020
S,0,7021
S,1,7022
S,1,7023
S,0,7024
S,1,7025
S,1,7026
S,0,7027
S,0,7028
S,1,7029
S,1,7030
S,1,7031
S,0,7032
S,0,7033
S,1,7034
S,1,7035
C,1,7036
S,0,7037
S,0,7038
S,1,7039
S,1,7040
S,1,7041
S,1,7042
S,0,7043
S,1,7044
S,1,7045
S,1,7046
S,1,7047
S,0,7048
S,0,7049
S,0,7050
C,0,7051
C,0,7052
S,0,7053
S,0,7054
S,0,7055
S,1,7056
C,0,7057
C,1,7058
C,0,7059
S,1,7060
C,1,7061
C,0,7062
S,1,7063
S,0,7064
S,1,7065
S,0,7066
S,1,7067
S,1,7068
S,0,7069
S,0,7070
S,0,7071
C,1,7072
S,0,7073
S,0,7074
S,1,7075
C,0,7076
Q,0,7077
S,1,7078
S,1,7079
S,0,7080
Q,1,7081
S,1,7082
S,1,7083
S,0,7084
S,1,7085
S,0,7086
S,1,7087
S,1,7088
S,0,7089
C,1,7090
C,0,7091
S,1,7092
C,0,7093
C,0,7094
S,1,7095
C,1,7096
C,0,7097
S,1,7098
C,1,7099
S,0,7100
S,0,7101
Q,1,7102
S,1,7103
S,1,7104
Q,1,7105
S,0,7106
S,0,7107
C,1,7108
S,0,7109
C,1,7110
S,0,7111
S,0,7112
C,0,7113
S,1,7114
S,0,7115
S,0,7116
Q,0,7117
S,1,7118
S,0,7119
S,1,7120
S,0,7121
S,1,7122
S,1,7123
Q,0,7124
C,0,7125
S,0,7126
C,0,7127
S,0,7128
S,0,7129
S,1,7130
S,0,7131
S,0,7132
S,0,7133
S,0,7134
Q,1,7135
C,0,7136
S,1,7137
S,1,7138
S,1,7139
S,1,7140
S,1,7141
S,1,7142
S,1,7143
S,1,7144
S,0,7145
C,1,7146
S,0,7147
S,1,7148
S,1,7149
Q,0,7150
S,1,7151
C,1,7152
C,0,7153
S,0,7154
S,1,7155
S,0,7156
C,0,7157
S,1,7158
S,0,7159
C,1,7160
S,0,7161
Q,0,7162
S,1,7163
S,1,7164
S,1,7165
S,0,7166
S,1,7167
S,1,7168
S,1,7169
Q,0,7170
S,0,7171
S,0,7172
S,1,7173
S,1,7174
Q,1,7175
S,1,7176
C,0,7177
C,0,7178
C,0,7179
S,0,7180
S,1,7181
S,0,7182
S,1,7183
S,1,7184
S,0,7185
S,0,7186
S,1,7187
S,1,7188
S,1,7189
S,0,7190
S,1,7191
S,0,7192
Q,1,7193
S,1,7194
Q,0,7195
C,1,7196
S,0,7197
Q,1,7198
S,0,7199
S,0,7200
S,0,7201
S,1,7202
C,0,7203
S,1,7204
S,0,7205
S,0,7206
C,1,7207
Q,1,7208
C,0,7209
S,0,7210
S,1,7211
C,1,7212
S,0,7213
C,0,7214
S,0,7215
C,0,7216
S,1,7217
S,0,7218
S,1,7219
S,1,7220
C,0,7221
S,0,7222
S,1,7223
Q,0,7224
S,0,7225
S,0,7226
Q,1,7227
S,1,7228
S,0,7229
S,1,7230
S,0,7231
S,1,7232
S,0,7233
C,0,7234
S,0,7235
C,1,7236
S,0,7237
Q,1,7238
C,1,7239
S,0,7240
S,0,7241
S,0,7242
S,0,7243
S,0,7244
S,0,7245
S,0,7246
S,0,7247
S,1,7248
C,0,7249
C,1,7250
S,0,7251
S,0,7252
Q,1,7253
C,1,7254
S,0,7255
S,0,7256
S,1,7257
S,0,7258
S,0,7259
S,0,7260
C,1,7261
S,0,7262
S,0,7263
C,0,7264
C,0,7265
S,1,7266
S,0,7267
S,0,7268
S,0,7269
C,0,7270
S,0,7271
S,1,7272
S,1,7273
S,0,7274
S,0,7275
C,0,7276
S,0,7277
S,0,7278
S,0,7279
S,0,7280
S,0,7281
S,0,7282
C,1,7283
Q,0,7284
S,0,7285
S,1,7286
S,0,7287
C,0,7288
S,1,7289
S,0,7290
S,1,7291
S,0,7292
S,0,7293
S,1,7294
Q,0,7295
C,1,7296
Q,1,7297
C,0,7298
S,0,7299
S,1,7300
S,1,7301
C,0,7302
S,0,7303
S,1,7304
S,0,7305
C,1,7306
Q,0,7307
C,0,7308
S,0,7309
C,1,7310
S,1,7311
C,1,7312
C,1,7313
S,0,7314
S,1,7315
S,1,7316
S,0,7317
S,1,7318
S,0,7319
S,1,7320
C,0,7321
Q,0,7322
S,0,7323
S,0,7324
S,0,7325
C,0,7326
S,0,7327
C,1,7328
S,1,7329
S,1,7330
S,0,7331
S,0,7332
S,0,7333
S,0,7334
Q,0,7335
S,0,7336
S,0,7337
S,0,7338
S,0,7339
S,0,7340
S,1,7341
S,0,7342
S,1,7343
S,1,7344
S,1,7345
S,1,7346
Q,1,7347
S,0,7348
S,1,7349
S,1,7350
S,1,7351
S,0,7352
Q,0,7353
Q,1,7354
S,1,7355
S,1,7356
C,1,7357
S,0,7358
S,0,7359
S,0,7360
Q,0,7361
Q,0,7362
S,1,7363
S,1,7364
S,0,7365
Q,1,7366
S,1,7367
S,0,7368
S,0,7369
S,0,7370
S,0,7371
C,0,7372
C,0,7373
S,0,7374
S,0,7375
S,1,7376
S,0,7377
S,1,7378
S,1,7379
Q,0,7380
S,1,7381
S,0,7382
C,0,7383
S,1,7384
S,1,7385
S,1,7386
S,1,7387
S,1,7388
S,0,7389
S,0,7390
C,1,7391
C,1,7392
C,0,7393
S,0,7394
S,1,7395
S,0,7396
S,1,7397
S,1,7398
S,1,7399
S,0,7400
S,1,7401
S,0,7402
S,0,7403
S,0,7404
S,1,7405
S,0,7406
S,1,7407
S,0,7408
S,1,7409
S,1,7410
S,1,7411
S,1,7412
S,1,7413
S,1,7414
S,1,7415
Q,0,7416
S,1,7417
S,0,7418
S,0,7419
S,0,7420
C,1,7421
S,0,7422
S,0,7423
C,1,7424
S,0,7425
C,1,7426
S,1,7427
S,0,7428
S,0,7429
S,0,7430
S,0,7431
S,0,7432
S,1,7433
S,0,7434
S,0,7435
S,1,7436
S,1,7437
S,1,7438
S,1,7439
S,1,7440
S,1,7441
C,1,7442
C,1,7443
C,0,7444
S,1,7445
S,0,7446
S,0,7447
C,1,7448
Q,0,7449
S,0,7450
C,1,7451
S,1,7452
Q,1,7453
Q,0,7454
S,1,7455
S,0,7456
S,0,7457
S,0,7458
S,0,7459
S,0,7460
S,0,7461
S,1,7462
S,0,7463
S,0,7464
S,0,7465
Q,0,7466
S,0,7467
S,1,7468
S,1,7469
Q,0,7470
S,1,7471
S,1,7472
S,0,7473
S,1,7474
Q,0,7475
S,0,7476
S,0,7477
C,1,7478
S,0,7479
S,1,7480
S,1,7481
C,1,7482
Q,1,7483
S,1,7484
S,1,7485
S,1,7486
S,0,7487
S,0,7488
S,0,7489
C,0,7490
C,1,7491
S,1,7492
S,1,7493
S,0,7494
S,1,7495
S,0,7496
C,0,7497
C,0,7498
S,0,7499
S,1,7500
S,1,7501
C,0,7502
S,1,7503
S,0,7504
S,0,7505
Q,1,7506
S,1,7507
S,0,7508
S,1,7509
C,0,7510
S,0,7511
S,1,7512
S,0,7513
S,0,7514
S,0,7515
S,0,7516
S,1,7517
S,1,7518
S,0,7519
S,1,7520
S,0,7521
S,1,7522
S,0,7523
S,1,7524
S,0,7525
S,1,7526
S,1,7527
S,0,7528
S,0,7529
C,0,7530
C,0,7531
S,0,7532
S,0,7533
C,1,7534
S,1,7535
C,1,7536
Q,0,7537
S,1,7538
S,0,7539
S,1,7540
S,1,7541
Q,1,7542
Q,1,7543
S,0,7544
S,0,7545
C,0,7546
C,0,7547
Q,0,7548
S,0,7549
S,0,7550
S,0,7551
S,0,7552
C,0,7553
S,0,7554
C,0,7555
C,1,7556
S,1,7557
S,0,7558
Q,1,7559
S,1,7560
S,1,7561
S,0,7562
S,0,7563
S,0,7564
C,1,7565
S,1,7566
S,0,7567
S,1,7568
S,1,7569
Q,1,7570
S,1,7571
S,1,7572
S,1,7573
S,0,7574
Q,0,7575
S,1,7576
S,0,7577
Q,0,7578
S,0,7579
S,0,7580
S,0,7581
S,0,7582
C,0,7583
Q,1,7584
S,0,7585
S,1,7586
C,0,7587
S,1,7588
S,1,7589
S,1,7590
S,1,7591
S,1,7592
S,1,7593
S,1,7594
S,1,7595
S,1,7596
C,0,7597
Q,0,7598
S,1,7599
S,1,7600
S,1,7601
Q,0,7602
S,1,7603
S,1,7604
S,0,7605
S,0,7606
S,0,7607
S,0,7608
C,0,7609
S,1,7610
S,0,7611
C,1,7612
S,1,7613
S,0,7614
S,1,7615
S,1,7616
S,0,7617
C,0,7618
S,1,7619
S,0,7620
S,1,7621
S,0,7622
S,0,7623
C,0,7624
S,0,7625
S,1,7626
S,0,7627
Q,0,7628
S,0,7629
S,0,7630
S,0,7631
Q,0,7632
S,0,7633
C,1,7634
S,0,7635
S,1,7636
S,1,7637
S,1,7638
S,0,7639
S,1,7640
S,0,7641
S,1,7642
S,0,7643
Q,0,7644
S,0,7645
S,0,7646
C,0,7647
S,0,7648
S,0,7649
S,1,7650
S,0,7651
S,1,7652
S,0,7653
C,1,7654
C,1,7655
S,0,7656
C,1,7657
S,0,7658
C,1,7659
S,1,7660
S,0,7661
S,0,7662
S,0,7663
S,0,7664
S,1,7665
C,0,7666
C,1,7667
S,1,7668
Q,1,7669
S,0,7670
S,1,7671
S,0,7672
S,0,7673
Q,1,7674
S,1,7675
C,0,7676
C,0,7677
S,0,7678
S,0,7679
S,0,7680
Q,0,7681
S,1,7682
S,1,7683
S,0,7684
S,0,7685
S,1,7686
C,0,7687
Q,1,7688
C,1,7689
C,1,7690
S,1,7691
C,1,7692
S,1,7693
S,1,7694
S,1,7695
Q,1,7696
S,1,7697
S,0,7698
S,0,7699
S,1,7700
S,0,7701
S,1,7702
S,0,7703
S,1,7704
C,0,7705
S,0,7706
S,1,7707
Q,0,7708
S,0,7709
S,0,7710
Q,1,7711
C,1,7712
S,1,7713
C,0,7714
S,1,7715
Q,0,7716
S,0,7717
C,0,7718
S,0,7719
S,0,7720
S,0,7721
S,0,7722
Q,1,7723
S,0,7724
C,1,7725
S,0,7726
S,1,7727
S,1,7728
Q,0,7729
S,1,7730
S,1,7731
C,0,7732
S,0,7733
C,0,7734
S,0,7735
Q,1,7736
S,0,7737
S,0,7738
S,1,7739
S,0,7740
S,1,7741
S,1,7742
S,1,7743
S,1,7744
S,1,7745
S,0,7746
S,1,7747
C,0,7748
S,1,7749
C,0,7750
S,1,7751
S,0,7752
Q,0,7753
S,0,7754
S,0,7755
S,0,7756
C,1,7757
S,1,7758
C,0,7759
S,0,7760
S,0,7761
S,1,7762
S,0,7763
C,1,7764
S,0,7765
C,0,7766
S,0,7767
S,1,7768
S,1,7769
S,0,7770
C,0,7771
S,1,7772
S,0,7773
S,1,7774
C,0,7775
Q,1,7776
S,1,7777
S,0,7778
S,0,7779
Q,0,7780
S,0,7781
S,1,7782
S,1,7783
S,0,7784
S,1,7785
S,0,7786
S,1,7787
S,0,7788
S,0,7789
S,1,7790
S,1,7791
S,1,7792
S,0,7793
S,0,7794
S,1,7795
S,0,7796
C,0,7797
S,1,7798
S,0,7799
S,0,7800
S,0,7801
Q,1,7802
C,0,7803
Q,1,7804
C,1,7805
S,0,7806
C,0,7807
C,1,7808
Q,0,7809
S,0,7810
S,0,7811
Q,0,7812
Q,1,7813
Q,1,7814
S,1,7815
S,0,7816
S,1,7817
S,1,7818
S,0,7819
Q,0,7820
S,1,7821
S,0,7822
S,1,7823
C,1,7824
S,0,7825
S,0,7826
S,0,7827
C,0,7828
S,1,7829
S,0,7830
S,1,7831
S,1,7832
S,0,7833
S,0,7834
S,1,7835
S,0,7836
S,1,7837
S,0,7838
S,0,7839
C,0,7840
S,1,7841
C,1,7842
C,0,7843
S,0,7844
C,0,7845
S,0,7846
S,1,7847
Q,0,7848
S,0,7849
S,0,7850
S,0,7851
S,0,7852
S,1,7853
S,0,7854
C,0,7855
C,0,7856
S,0,7857
Q,1,7858
S,1,7859
S,1,7860
S,1,7861
S,0,7862
S,0,7863
S,0,7864
S,0,7865
S,1,7866
S,0,7867
S,0,7868
S,1,7869
S,1,7870
C,1,7871
Q,1,7872
S,1,7873
S,0,7874
S,0,7875
S,1,7876
S,1,7877
C,0,7878
S,1,7879
S,1,7880
C,0,7881
S,1,7882
S,0,7883
Q,1,7884
S,1,7885
Q,0,7886
C,1,7887
C,1,7888
S,0,7889
S,0,7890
S,1,7891
S,0,7892
S,0,7893
Q,0,7894
C,0,7895
C,1,7896
C,1,7897
S,1,7898
S,1,7899
C,0,7900
S,1,7901
S,1,7902
S,0,7903
S,1,7904
C,1,7905
S,1,7906
S,1,7907
C,0,7908
S,0,7909
Q,1,7910
C,1,7911
S,0,7912
S,1,7913
S,1,7914
C,0,7915
Q,1,7916
S,1,7917
S,1,7918
C,1,7919
S,0,7920
S,0,7921
C,1,7922
S,1,7923
S,1,7924
C,0,7925
S,0,7926
S,0,7927
S,0,7928
Q,1,7929
S,1,7930
C,1,7931
S,0,7932
S,1,7933
S,1,7934
S,0,7935
S,1,7936
S,0,7937
S,0,7938
S,1,7939
C,1,7940
S,0,7941
S,1,7942
S,1,7943
C,1,7944
C,0,7945
C,0,7946
C,0,7947
S,0,7948
C,1,7949
S,1,7950
S,1,7951
S,1,7952
S,0,7953
S,1,7954
S,0,7955
C,1,7956
S,1,7957
S,1,7958
S,0,7959
S,0,7960
C,0,7961
Q,1,7962
S,1,7963
S,1,7964
C,1,7965
S,0,7966
Q,0,7967
C,1,7968
S,1,7969
S,0,7970
C,1,7971
S,0,7972
Q,1,7973
C,1,7974
C,1,7975
Q,1,7976
S,1,7977
C,1,7978
S,1,7979
S,1,7980
S,1,7981
S,0,7982
C,1,7983
S,1,7984
S,1,7985
S,0,7986
S,0,7987
S,1,7988
S,0,7989
S,0,7990
S,1,7991
C,0,7992
S,1,7993
C,0,7994
S,0,7995
C,0,7996
S,0,7997
C,1,7998
S,1,7999
S,1,8000
S,0,8001
S,1,8002
C,0,8003
S,0,8004
S,0,8005
S,1,8006
S,1,8007
S,1,8008
Q,0,8009
S,0,8010
S,0,8011
S,1,8012
S,0,8013
C,0,8014
S,1,8015
C,1,8016
S,1,8017
S,1,8018
C,1,8019
S,0,8020
C,0,8021
S,0,8022
S,1,8023
S,0,8024
C,1,8025
S,0,8026
S,1,8027
S,1,8028
S,0,8029
Q,1,8030
S,0,8031
S,0,8032
C,1,8033
S,1,8034
S,1,8035
S,1,8036
S,1,8037
S,0,8038
S,0,8039
C,0,8040
C,1,8041
C,1,8042
S,0,8043
Q,1,8044
S,0,8045
S,1,8046
S,1,8047
C,0,8048
S,1,8049
S,1,8050
Q,0,8051
S,0,8052
S,1,8053
Q,1,8054
C,1,8055
C,0,8056
S,0,8057
S,1,8058
S,0,8059
S,0,8060
S,0,8061
C,0,8062
S,0,8063
Q,0,8064
S,0,8065
S,1,8066
Q,0,8067
S,1,8068
S,0,8069
S,0,8070
C,1,8071
S,1,8072
S,0,8073
C,0,8074
S,1,8075
S,1,8076
C,0,8077
S,0,8078
S,0,8079
S,0,8080
Q,1,8081
S,1,8082
C,0,8083
S,1,8084
C,1,8085
C,1,8086
S,1,8087
S,1,8088
S,1,8089
S,1,8090
S,1,8091
Q,1,8092
C,0,8093
C,0,8094
S,1,8095
S,0,8096
S,1,8097
Q,0,8098
S,1,8099
Q,0,8100
S,0,8101
S,1,8102
S,0,8103
C,1,8104
S,0,8105
Q,1,8106
C,1,8107
S,1,8108
C,1,8109
S,1,8110
S,1,8111
S,0,8112
S,0,8113
C,1,8114
S,0,8115
S,1,8116
C,1,8117
S,1,8118
S,0,8119
S,0,8120
S,1,8121
C,1,8122
C,1,8123
S,0,8124
Q,0,8125
S,0,8126
S,0,8127
Q,1,8128
S,0,8129
S,1,8130
C,0,8131
S,1,8132
S,0,8133
Q,1,8134
C,0,8135
C,1,8136
S,1,8137
S,0,8138
S,1,8139
C,1,8140
C,1,8141
S,0,8142
S,0,8143
S,0,8144
S,1,8145
S,0,8146
C,1,8147
S,1,8148
S,1,8149
S,1,8150
C,1,8151
S,0,8152
S,0,8153
Q,0,8154
S,1,8155
C,0,8156
S,0,8157
S,1,8158
S,0,8159
S,1,8160
Q,0,8161
S,0,8162
S,1,8163
S,1,8164
S,1,8165
S,1,8166
Q,0,8167
S,0,8168
S,1,8169
S,0,8170
S,0,8171
S,1,8172
S,1,8173
C,0,8174
S,0,8175
S,0,8176
S,1,8177
S,1,8178
Q,0,8179
S,0,8180
C,0,8181
S,0,8182
S,0,8183
S,0,8184
S,0,8185
S,0,8186
C,1,8187
S,0,8188
S,1,8189
S,0,8190
C,0,8191
S,1,8192
S,0,8193
S,1,8194
C,1,8195
S,0,8196
C,1,8197
S,1,8198
S,1,8199
S,1,8200
Q,0,8201
C,0,8202
C,1,8203
S,0,8204
C,1,8205
S,1,8206
S,1,8207
S,1,8208
C,1,8209
S,1,8210
S,0,8211
S,1,8212
S,1,8213
S,1,8214
S,1,8215
S,0,8216
Q,0,8217
S,0,8218
S,1,8219
S,1,8220
C,0,8221
S,1,8222
Q,1,8223
S,0,8224
S,0,8225
S,1,8226
S,1,8227
S,0,8228
S,0,8229
S,0,8230
S,1,8231
S,1,8232
S,1,8233
Q,0,8234
S,0,8235
S,1,8236
S,0,8237
S,0,8238
C,0,8239
S,0,8240
S,1,8241
S,1,8242
Q,0,8243
C,0,8244
S,1,8245
Q,0,8246
S,0,8247
C,1,8248
S,0,8249
S,0,8250
S,0,8251
S,0,8252
S,1,8253
C,1,8254
S,1,8255
S,0,8256
S,0,8257
S,0,8258
C,0,8259
Q,0,8260
S,0,8261
S,0,8262
C,1,8263
S,1,8264
S,1,8265
S,1,8266
S,1,8267
S,0,8268
S,0,8269
S,0,8270
S,0,8271
S,0,8272
S,0,8273
S,1,8274
C,1,8275
C,0,8276
S,0,8277
S,1,8278
C,0,8279
C,0,8280
S,0,8281
S,1,8282
S,1,8283
Q,0,8284
C,0,8285
S,1,8286
Q,0,8287
S,0,8288
S,0,8289
S,1,8290
S,0,8291
C,0,8292
S,1,8293
C,0,8294
S,1,8295
S,1,8296
S,1,8297
S,0,8298
S,0,8299
S,1,8300
C,0,8301
S,0,8302
C,1,8303
S,1,8304
S,0,8305
S,0,8306
S,1,8307
Q,0,8308
S,0,8309
C,0,8310
S,0,8311
S,1,8312
C,1,8313
S,1,8314
S,0,8315
S,0,8316
S,1,8317
S,0,8318
C,1,8319
S,1,8320
S,0,8321
S,1,8322
S,1,8323
S,0,8324
S,1,8325
S,0,8326
S,0,8327
C,1,8328
Q,0,8329
S,0,8330
S,1,8331
S,0,8332
S,0,8333
S,0,8334
S,1,8335
S,1,8336
S,1,8337
S,1,8338
C,1,8339
S,1,8340
S,0,8341
S,1,8342
S,0,8343
C,1,8344
S,1,8345
S,0,8346
S,1,8347
S,1,8348
C,1,8349
S,1,8350
S,0,8351
S,1,8352
S,0,8353
Q,0,8354
C,1,8355
Q,0,8356
S,1,8357
S,0,8358
S,1,8359
Q,1,8360
S,0,8361
C,0,8362
S,0,8363
Q,1,8364
S,1,8365
C,1,8366
S,0,8367
S,1,8368
S,0,8369
S,1,8370
C,0,8371
S,1,8372
Q,0,8373
S,1,8374
S,1,8375
S,0,8376
Q,0,8377
C,0,8378
S,1,8379
S,0,8380
S,1,8381
S,1,8382
S,0,8383
C,0,8384
S,0,8385
S,1,8386
C,1,8387
C,1,8388
S,0,8389
S,0,8390
S,0,8391
C,1,8392
S,1,8393
Q,1,8394
S,1,8395
C,1,8396
C,0,8397
S,0,8398
S,1,8399
C,1,8400
S,1,8401
Q,0,8402
S,1,8403
Q,1,8404
S,0,8405
C,0,8406
S,0,8407
S,0,8408
S,0,8409
S,0,8410
S,0,8411
S,0,8412
S,0,8413
S,0,8414
S,1,8415
S,0,8416
S,0,8417
S,1,8418
S,1,8419
S,1,8420
S,1,8421
S,0,8422
S,0,8423
S,1,8424
S,1,8425
S,0,8426
S,0,8427
S,1,8428
C,0,8429
C,1,8430
S,1,8431
S,1,8432
S,0,8433
C,1,8434
S,1,8435
Q,1,8436
S,1,8437
S,0,8438
C,0,8439
S,0,8440
S,0,8441
C,1,8442
S,1,8443
S,1,8444
S,0,8445
C,1,8446
S,0,8447
S,0,8448
C,0,8449
C,0,8450
S,1,8451
S,0,8452
Q,0,8453
S,0,8454
S,0,8455
S,1,8456
S,1,8457
S,1,8458
S,0,8459
C,0,8460
S,0,8461
S,1,8462
S,0,8463
S,1,8464
S,1,8465
S,1,8466
Q,0,8467
S,0,8468
Q,1,8469
S,1,8470
S,1,8471
S,0,8472
Q,1,8473
S,0,8474
S,1,8475
C,0,8476
S,1,8477
Q,0,8478
S,0,8479
S,1,8480
S,0,8481
S,0,8482
C,0,8483
Q,1,8484
C,1,8485
S,0,8486
Q,0,8487
S,0,8488
S,0,8489
S,1,8490
S,0,8491
S,0,8492
S,1,8493
S,1,8494
S,0,8495
S,1,8496
S,0,8497
S,1,8498
Q,0,8499
S,1,8500
Q,0,8501
S,1,8502
S,0,8503
Q,0,8504
S,1,8505
S,1,8506
Q,1,8507
S,0,8508
S,1,8509
C,1,8510
S,0,8511
S,0,8512
Q,1,8513
S,0,8514
S,0,8515
S,0,8516
S,1,8517
S,0,8518
S,1,8519
S,1,8520
C,0,8521
Q,1,8522
S,0,8523
S,1,8524
S,0,8525
S,1,8526
S,0,8527
C,1,8528
S,0,8529
S,1,8530
S,1,8531
S,0,8532
S,1,8533
S,0,8534
S,0,8535
S,0,8536
C,1,8537
Q,0,8538
S,1,8539
Q,0,8540
S,0,8541
S,0,8542
S,0,8543
S,1,8544
C,1,8545
C,1,8546
S,1,8547
Q,1,8548
S,0,8549
S,0,8550
S,1,8551
S,0,8552
S,0,8553
C,1,8554
Q,1,8555
S,0,8556
S,0,8557
S,1,8558
S,0,8559
S,1,8560
S,1,8561
S,0,8562
S,1,8563
S,1,8564
C,0,8565
S,1,8566
C,1,8567
S,0,8568
C,0,8569
C,0,8570
C,1,8571
S,0,8572
S,1,8573
C,0,8574
C,1,8575
S,1,8576
Q,0,8577
S,1,8578
S,1,8579
S,1,8580
Q,0,8581
S,1,8582
S,1,8583
S,0,8584
C,0,8585
C,0,8586
C,1,8587
S,0,8588
S,0,8589
C,0,8590
C,0,8591
Q,1,8592
S,1,8593
S,0,8594
S,1,8595
Q,1,8596
S,1,8597
S,0,8598
S,1,8599
S,0,8600
C,0,8601
Q,0,8602
C,0,8603
C,1,8604
Q,1,8605
C,0,8606
S,0,8607
S,0,8608
S,1,8609
S,1,8610
Q,1,8611
S,0,8612
S,0,8613
C,1,8614
S,0,8615
S,1,8616
S,0,8617
S,0,8618
S,0,8619
S,1,8620
S,0,8621
S,0,8622
S,0,8623
S,1,8624
C,0,8625
S,1,8626
S,0,8627
S,0,8628
S,0,8629
C,0,8630
S,1,8631
S,1,8632
C,0,8633
S,1,8634
Q,0,8635
S,0,8636
Q,0,8637
S,0,8638
S,1,8639
S,1,8640
S,0,8641
S,0,8642
S,1,8643
S,0,8644
S,1,8645
S,1,8646
S,1,8647
S,0,8648
S,1,8649
S,1,8650
S,0,8651
C,1,8652
Q,0,8653
C,0,8654
S,1,8655
S,1,8656
C,0,8657
S,1,8658
Q,0,8659
C,0,8660
S,1,8661
S,1,8662
S,1,8663
C,0,8664
S,0,8665
S,0,8666
S,0,8667
S,0,8668
S,0,8669
C,0,8670
S,0,8671
C,0,8672
C,1,8673
C,1,8674
S,0,8675
S,0,8676
S,1,8677
C,0,8678
S,1,8679
S,0,8680
S,0,8681
Q,0,8682
S,1,8683
S,0,8684
S,0,8685
S,0,8686
C,0,8687
C,0,8688
C,1,8689
Q,1,8690
S,0,8691
S,1,8692
S,1,8693
C,0,8694
S,1,8695
S,0,8696
S,0,8697
S,0,8698
S,1,8699
S,1,8700
S,1,8701
S,0,8702
Q,1,8703
S,1,8704
S,1,8705
C,0,8706
S,1,8707
S,1,8708
S,0,8709
S,1,8710
S,0,8711
S,0,8712
S,1,8713
Q,1,8714
S,0,8715
S,1,8716
S,0,8717
S,1,8718
S,0,8719
C,0,8720
C,0,8721
C,1,8722
S,1,8723
S,1,8724
S,0,8725
S,1,8726
S,0,8727
S,0,8728
S,1,8729
S,0,8730
S,0,8731
Q,0,8732
C,1,8733
C,1,8734
S,1,8735
S,0,8736
S,1,8737
Q,0,8738
S,0,8739
C,1,8740
S,0,8741
C,0,8742
S,0,8743
S,1,8744
S,1,8745
S,0,8746
S,0,8747
S,1,8748
S,0,8749
S,1,8750
S,1,8751
S,1,8752
S,1,8753
S,1,8754
C,0,8755
S,0,8756
S,1,8757
S,0,8758
C,0,8759
C,0,8760
S,0,8761
S,1,8762
S,0,8763
C,0,8764
Q,0,8765
S,0,8766
S,0,8767
S,1,8768
S,0,8769
S,1,8770
S,1,8771
S,1,8772
C,1,8773
S,0,8774
S,0,8775
Q,0,8776
C,1,8777
S,0,8778
S,1,8779
Q,0,8780
S,1,8781
S,0,8782
S,0,8783
S,0,8784
S,0,8785
S,1,8786
S,0,8787
S,0,8788
C,0,8789
S,0,8790
S,1,8791
S,0,8792
S,0,8793
S,1,8794
C,0,8795
S,0,8796
C,0,8797
S,1,8798
C,1,8799
S,1,8800
S,0,8801
S,0,8802
C,1,8803
S,1,8804
S,0,8805
S,0,8806
C,0,8807
S,1,8808
Q,0,8809
S,0,8810
Q,0,8811
S,0,8812
C,0,8813
S,0,8814
S,1,8815
S,1,8816
S,0,8817
C,0,8818
S,1,8819
S,1,8820
C,0,8821
S,0,8822
C,1,8823
S,1,8824
S,0,8825
Q,0,8826
C,1,8827
S,0,8828
S,1,8829
S,1,8830
S,0,8831
S,0,8832
S,0,8833
S,1,8834
S,0,8835
S,0,8836
S,1,8837
S,1,8838
S,0,8839
S,0,8840
S,0,8841
S,1,8842
S,0,8843
C,0,8844
S,1,8845
S,1,8846
S,0,8847
S,0,8848
S,1,8849
S,1,8850
S,1,8851
S,0,8852
S,0,8853
C,1,8854
C,1,8855
S,0,8856
S,1,8857
Q,0,8858
S,1,8859
S,0,8860
S,1,8861
S,0,8862
S,0,8863
S,0,8864
S,1,8865
S,0,8866
S,1,8867
C,0,8868
S,1,8869
S,0,8870
C,1,8871
S,0,8872
S,1,8873
S,0,8874
C,0,8875
S,0,8876
C,0,8877
S,0,8878
S,0,8879
C,1,8880
C,1,8881
S,1,8882
S,1,8883
S,0,8884
S,1,8885
S,0,8886
S,0,8887
C,1,8888
S,1,8889
S,0,8890
S,1,8891
C,1,8892
Q,0,8893
S,0,8894
C,0,8895
S,1,8896
S,1,8897
S,1,8898
S,0,8899
S,1,8900
Q,0,8901
S,1,8902
S,1,8903
Q,1,8904
Q,0,8905
S,1,8906
C,1,8907
S,0,8908
S,1,8909
S,0,8910
C,1,8911
S,0,8912
S,0,8913
S,1,8914
S,0,8915
S,1,8916
S,0,8917
S,0,8918
S,0,8919
S,0,8920
S,1,8921
C,1,8922
C,1,8923
C,1,8924
S,1,8925
S,1,8926
Q,1,8927
S,0,8928
S,0,8929
S,0,8930
S,0,8931
S,1,8932
C,1,8933
S,1,8934
S,0,8935
C,0,8936
C,1,8937
S,1,8938
S,1,8939
S,1,8940
Q,0,8941
S,1,8942
S,0,8943
S,1,8944
C,0,8945
S,0,8946
S,0,8947
C,0,8948
S,0,8949
C,1,8950
C,1,8951
C,1,8952
S,1,8953
S,1,8954
S,1,8955
S,1,8956
S,1,8957
C,0,8958
S,0,8959
S,0,8960
S,1,8961
S,1,8962
S,0,8963
S,0,8964
S,1,8965
S,0,8966
S,1,8967
S,1,8968
C,1,8969
S,1,8970
S,1,8971
C,0,8972
C,1,8973
C,0,8974
S,0,8975
S,0,8976
S,0,8977
S,0,8978
C,1,8979
S,1,8980
S,0,8981
Q,1,8982
C,1,8983
S,0,8984
S,1,8985
S,0,8986
S,1,8987
S,0,8988
S,0,8989
S,1,8990
S,0,8991
S,0,8992
C,1,8993
S,1,8994
C,0,8995
S,0,8996
S,1,8997
S,0,8998
S,1,8999
S,1,9000
S,1,9001
S,0,9002
S,1,9003
Q,0,9004
Q,0,9005
S,1,9006
S,0,9007
S,1,9008
C,1,9009
S,1,9010
S,1,9011
S,0,9012
S,1,9013
S,1,9014
C,1,9015
C,1,9016
C,1,9017
Q,1,9018
S,1,9019
S,1,9020
S,1,9021
S,0,9022
S,1,9023
C,1,9024
S,1,9025
C,0,9026
Q,1,9027
S,1,9028
S,1,9029
C,1,9030
C,0,9031
S,1,9032
S,0,9033
Q,0,9034
S,1,9035
Q,1,9036
Q,1,9037
Q,1,9038
S,1,9039
S,1,9040
S,0,9041
S,0,9042
S,0,9043
C,0,9044
S,1,9045
C,0,9046
S,1,9047
S,1,9048
S,0,9049
C,1,9050
S,1,9051
S,0,9052
S,1,9053
S,1,9054
S,1,9055
S,1,9056
S,1,9057
S,0,9058
S,1,9059
S,0,9060
Q,1,9061
C,1,9062
S,1,9063
S,0,9064
C,0,9065
S,1,9066
S,1,9067
Q,0,9068
S,0,9069
S,1,9070
S,0,9071
S,1,9072
S,0,9073
Q,0,9074
C,0,9075
C,1,9076
S,0,9077
C,0,9078
S,1,9079
S,1,9080
Q,1,9081
Q,0,9082
S,0,9083
C,1,9084
S,1,9085
S,0,9086
S,1,9087
S,0,9088
S,0,9089
Q,0,9090
S,0,9091
S,0,9092
S,1,9093
S,0,9094
S,1,9095
S,0,9096
S,1,9097
S,0,9098
S,0,9099
S,1,9100
S,1,9101
S,1,9102
S,0,9103
S,0,9104
S,1,9105
C,0,9106
S,0,9107
S,0,9108
S,0,9109
S,1,9110
S,1,9111
S,0,9112
C,1,9113
S,1,9114
S,0,9115
C,0,9116
S,0,9117
C,1,9118
C,0,9119
C,1,9120
S,0,9121
S,1,9122
S,1,9123
S,1,9124
S,1,9125
C,1,9126
C,1,9127
C,0,9128
C,0,9129
S,0,9130
S,1,9131
C,0,9132
S,1,9133
Q,0,9134
S,0,9135
S,1,9136
C,1,9137
S,1,9138
S,1,9139
S,0,9140
S,0,9141
S,0,9142
S,0,9143
C,0,9144
Q,0,9145
S,1,9146
S,0,9147
S,1,9148
S,1,9149
S,0,9150
S,1,9151
Q,0,9152
C,0,9153
S,1,9154
S,0,9155
S,1,9156
S,0,9157
C,1,9158
C,0,9159
S,1,9160
Q,1,9161
S,1,9162
S,0,9163
S,1,9164
S,1,9165
C,0,9166
S,1,9167
S,0,9168
S,0,9169
S,1,9170
C,1,9171
S,0,9172
C,1,9173
Q,1,9174
S,0,9175
S,0,9176
S,0,9177
S,0,9178
S,1,9179
S,1,9180
Q,1,9181
S,0,9182
C,0,9183
S,0,9184
C,1,9185
S,1,9186
S,1,9187
S,0,9188
Q,0,9189
S,1,9190
C,0,9191
C,0,9192
S,0,9193
Q,1,9194
S,1,9195
C,0,9196
S,0,9197
S,1,9198
S,0,9199
S,1,9200
S,1,9201
S,1,9202
S,0,9203
S,0,9204
S,1,9205
Q,1,9206
S,1,9207
C,0,9208
Q,1,9209
S,1,9210
Q,0,9211
S,1,9212
S,0,9213
C,0,9214
C,0,9215
C,0,9216
S,1,9217
Q,1,9218
S,1,9219
C,0,9220
S,1,9221
S,0,9222
S,1,9223
S,0,9224
S,1,9225
S,1,9226
C,1,9227
S,1,9228
S,1,9229
S,1,9230
C,1,9231
S,0,9232
S,1,9233
S,1,9234
C,0,9235
S,1,9236
S,0,9237
S,1,9238
S,1,9239
S,1,9240
S,0,9241
C,1,9242
C,0,9243
S,0,9244
S,0,9245
C,0,9246
S,1,9247
C,1,9248
S,0,9249
C,0,9250
S,1,9251
S,1,9252
S,0,9253
C,1,9254
S,0,9255
C,0,9256
Q,0,9257
C,0,9258
S,0,9259
S,1,9260
S,1,9261
S,1,9262
S,0,9263
S,0,9264
S,1,9265
S,0,9266
S,1,9267
S,1,9268
S,1,9269
S,0,9270
S,1,9271
S,0,9272
S,0,9273
S,1,9274
S,1,9275
S,0,9276
S,0,9277
C,1,9278
S,0,9279
S,0,9280
S,1,9281
S,1,9282
S,0,9283
S,1,9284
S,0,9285
S,0,9286
S,0,9287
C,1,9288
S,0,9289
S,1,9290
Q,0,9291
Q,0,9292
C,1,9293
S,0,9294
Q,0,9295
S,1,9296
S,1,9297
S,1,9298
S,0,9299
S,0,9300
S,0,9301
S,1,9302
S,0,9303
S,0,9304
C,0,9305
S,0,9306
C,0,9307
S,1,9308
C,1,9309
C,0,9310
S,0,9311
S,0,9312
C,1,9313
C,1,9314
C,0,9315
C,0,9316
S,1,9317
S,1,9318
C,0,9319
S,0,9320
S,0,9321
S,0,9322
S,0,9323
S,1,9324
C,1,9325
S,0,9326
Q,0,9327
Q,0,9328
S,0,9329
S,1,9330
S,0,9331
S,1,9332
S,0,9333
S,0,9334
C,0,9335
S,0,9336
C,1,9337
S,0,9338
S,0,9339
S,0,9340
S,1,9341
S,0,9342
S,1,9343
Q,1,9344
S,0,9345
S,1,9346
S,0,9347
Q,0,9348
S,0,9349
S,0,9350
S,1,9351
C,1,9352
C,0,9353
S,0,9354
Q,1,9355
S,0,9356
S,0,9357
S,0,9358
S,1,9359
C,0,9360
S,0,9361
S,0,9362
S,1,9363
S,1,9364
C,0,9365
S,0,9366
S,0,9367
S,0,9368
S,1,9369
S,0,9370
S,0,9371
S,0,9372
C,0,9373
C,1,9374
S,0,9375
C,1,9376
C,0,9377
S,1,9378
Q,0,9379
S,1,9380
S,1,9381
S,0,9382
S,1,9383
S,0,9384
Q,1,9385
S,1,9386
S,1,9387
S,1,9388
S,0,9389
C,0,9390
C,1,9391
S,0,9392
S,0,9393
S,0,9394
C,1,9395
C,0,9396
S,0,9397
S,1,9398
S,0,9399
S,0,9400
S,0,9401
C,1,9402
S,0,9403
S,0,9404
S,1,9405
S,1,9406
S,0,9407
Q,0,9408
S,1,9409
C,1,9410
S,0,9411
S,1,9412
S,1,9413
C,0,9414
S,0,9415
S,0,9416
S,0,9417
S,1,9418
S,0,9419
S,0,9420
S,1,9421
C,1,9422
S,0,9423
S,0,9424
S,1,9425
S,1,9426
S,0,9427
S,0,9428
S,0,9429
S,0,9430
S,1,9431
Q,0,9432
S,0,9433
C,1,9434
S,0,9435
S,1,9436
C,0,9437
S,0,9438
S,0,9439
C,0,9440
S,0,9441
Q,0,9442
S,0,9443
S,1,9444
Q,1,9445
Q,0,9446
S,0,9447
S,0,9448
S,0,9449
S,0,9450
S,1,9451
S,0,9452
S,0,9453
S,1,9454
C,1,9455
S,0,9456
S,0,9457
S,0,9458
S,0,9459
C,1,9460
S,0,9461
S,0,9462
S,0,9463
S,0,9464
S,0,9465
S,1,9466
S,0,9467
S,0,9468
S,0,9469
S,1,9470
C,1,9471
S,0,9472
C,0,9473
S,1,9474
S,1,9475
S,0,9476
Q,0,9477
S,1,9478
Q,0,9479
S,0,9480
S,1,9481
S,1,9482
S,1,9483
C,0,9484
S,1,9485
S,1,9486
S,0,9487
S,1,9488
S,0,9489
S,0,9490
Q,1,9491
S,0,9492
S,1,9493
C,1,9494
S,1,9495
S,1,9496
S,1,9497
S,1,9498
C,1,9499
C,1,9500
S,1,9501
S,1,9502
S,0,9503
Q,1,9504
Q,0,9505
S,0,9506
S,1,9507
S,0,9508
S,1,9509
S,0,9510
S,0,9511
S,0,9512
S,0,9513
S,0,9514
S,1,9515
S,0,9516
S,0,9517
S,0,9518
C,0,9519
S,0,9520
S,1,9521
S,0,9522
C,0,9523
C,1,9524
S,0,9525
S,0,9526
S,1,9527
C,1,9528
S,1,9529
S,1,9530
S,0,9531
S,1,9532
S,1,9533
S,1,9534
S,0,9535
C,0,9536
S,1,9537
C,0,9538
S,0,9539
S,0,9540
Q,1,9541
S,1,9542
S,0,9543
S,1,9544
S,0,9545
S,0,9546
S,1,9547
S,0,9548
S,0,9549
S,1,9550
S,0,9551
S,1,9552
S,0,9553
S,1,9554
S,1,9555
S,0,9556
S,0,9557
S,1,9558
S,0,9559
S,0,9560
S,1,9561
C,1,9562
S,1,9563
C,0,9564
S,1,9565
S,1,9566
C,0,9567
S,1,9568
C,0,9569
C,0,9570
S,1,9571
S,1,9572
S,0,9573
Q,1,9574
S,1,9575
S,0,9576
S,0,9577
C,0,9578
C,0,9579
S,1,9580
S,0,9581
S,0,9582
C,0,9583
C,1,9584
C,0,9585
S,1,9586
S,0,9587
C,0,9588
S,1,9589
S,1,9590
S,1,9591
S,0,9592
S,1,9593
C,1,9594
C,1,9595
C,0,9596
S,1,9597
C,0,9598
C,0,9599
S,0,9600
S,0,9601
Q,0,9602
S,0,9603
S,1,9604
S,0,9605
Q,1,9606
S,0,9607
S,0,9608
S,1,9609
S,0,9610
S,1,9611
S,0,9612
S,0,9613
S,0,9614
C,0,9615
S,0,9616
S,0,9617
S,1,9618
S,0,9619
S,0,9620
S,1,9621
S,1,9622
S,1,9623
S,1,9624
S,1,9625
S,1,9626
S,0,9627
S,1,9628
S,0,9629
S,0,9630
C,0,9631
S,1,9632
S,1,9633
S,1,9634
S,1,9635
S,0,9636
S,0,9637
Q,1,9638
S,1,9639
C,1,9640
C,0,9641
S,0,9642
S,0,9643
S,0,9644
S,1,9645
C,1,9646
S,1,9647
S,0,9648
Q,0,9649
S,0,9650
S,1,9651
C,0,9652
S,1,9653
S,0,9654
S,1,9655
S,0,9656
S,0,9657
S,0,9658
S,1,9659
S,0,9660
S,1,9661
S,0,9662
C,1,9663
Q,1,9664
S,1,9665
S,0,9666
C,1,9667
S,1,9668
C,1,9669
C,1,9670
C,1,9671
S,1,9672
S,1,9673
S,0,9674
S,0,9675
S,1,9676
C,0,9677
S,1,9678
S,0,9679
S,0,9680
S,1,9681
S,0,9682
S,0,9683
C,1,9684
S,0,9685
S,0,9686
Q,0,9687
S,1,9688
C,1,9689
S,1,9690
S,0,9691
S,0,9692
C,1,9693
S,0,9694
S,1,9695
S,0,9696
S,1,9697
C,0,9698
S,0,9699
C,1,9700
S,0,9701
S,0,9702
C,0,9703
S,0,9704
S,1,9705
S,1,9706
S,0,9707
S,0,9708
Q,0,9709
S,1,9710
S,0,9711
C,1,9712
S,0,9713
S,1,9714
S,0,9715
S,1,9716
S,0,9717
S,1,9718
S,1,9719
S,0,9720
C,1,9721
S,0,9722
S,0,9723
S,0,9724
S,1,9725
S,1,9726
S,1,9727
S,1,9728
S,1,9729
Q,0,9730
S,0,9731
S,1,9732
Q,0,9733
S,0,9734
S,1,9735
Q,0,9736
S,1,9737
C,1,9738
Q,1,9739
S,0,9740
S,1,9741
S,0,9742
S,1,9743
S,1,9744
Q,1,9745
S,1,9746
S,1,9747
S,0,9748
C,1,9749
S,0,9750
C,0,9751
S,0,9752
S,1,9753
S,1,9754
S,0,9755
S,1,9756
C,0,9757
S,1,9758
S,0,9759
C,0,9760
S,0,9761
S,0,9762
S,1,9763
S,0,9764
S,0,9765
S,1,9766
C,1,9767
S,1,9768
C,0,9769
S,0,9770
S,0,9771
S,0,9772
S,0,9773
S,1,9774
S,0,9775
S,1,9776
C,0,9777
S,0,9778
Q,0,9779
S,1,9780
S,1,9781
S,1,9782
C,0,9783
S,1,9784
S,0,9785
S,0,9786
Q,0,9787
S,1,9788
Q,0,9789
S,1,9790
S,1,9791
C,0,9792
S,0,9793
S,0,9794
S,0,9795
S,1,9796
C,1,9797
C,1,9798
S,0,9799
Q,1,9800
S,0,9801
S,0,9802
S,0,9803
S,1,9804
S,1,9805
C,1,9806
Q,0,9807
Q,1,9808
C,0,9809
S,1,9810
C,0,9811
S,0,9812
S,0,9813
S,1,9814
S,0,9815
S,0,9816
S,0,9817
S,1,9818
S,0,9819
S,1,9820
C,0,9821
C,0,9822
S,1,9823
S,1,9824
S,1,9825
C,1,9826
S,0,9827
S,1,9828
C,0,9829
S,1,9830
C,0,9831
S,1,9832
S,0,9833
S,1,9834
S,1,9835
S,1,9836
S,1,9837
S,1,9838
S,1,9839
S,0,9840
S,1,9841
Q,1,9842
S,1,9843
S,1,9844
C,1,9845
S,1,9846
S,0,9847
Q,0,9848
S,0,9849
C,1,9850
C,0,9851
S,1,9852
S,0,9853
S,1,9854
C,1,9855
S,0,9856
S,0,9857
Q,1,9858
S,1,9859
C,0,9860
Q,0,9861
Q,1,9862
S,1,9863
S,1,9864
S,1,9865
S,1,9866
S,1,9867
S,0,9868
S,1,9869
S,0,9870
S,0,9871
S,0,9872
S,0,9873
S,0,9874
S,1,9875
S,1,9876
C,1,9877
S,0,9878
S,0,9879
S,1,9880
S,1,9881
S,1,9882
S,0,9883
S,0,9884
S,1,9885
C,1,9886
C,0,9887
S,0,9888
C,0,9889
S,1,9890
S,1,9891
S,0,9892
S,0,9893
C,1,9894
S,0,9895
Q,0,9896
C,1,9897
Q,0,9898
S,0,9899
Q,0,9900
C,1,9901
S,1,9902
S,0,9903
S,0,9904
C,1,9905
S,1,9906
C,1,9907
S,0,9908
C,0,9909
C,1,9910
S,0,9911
C,1,9912
Q,0,9913
S,1,9914
Q,0,9915
S,0,9916
S,0,9917
S,1,9918
S,0,9919
C,0,9920
S,1,9921
Q,1,9922
C,0,9923
S,1,9924
S,0,9925
S,1,9926
S,1,9927
S,1,9928
S,0,9929
S,0,9930
S,1,9931
S,0,9932
S,0,9933
S,1,9934
Q,0,9935
Q,1,9936
S,0,9937
C,1,9938
C,1,9939
S,0,9940
S,0,9941
S,1,9942
S,1,9943
S,0,9944
S,1,9945
S,0,9946
S,0,9947
S,0,9948
S,1,9949
C,0,9950
S,0,9951
S,0,9952
S,0,9953
S,0,9954
Q,0,9955
S,0,9956
S,1,9957
S,0,9958
S,1,9959
Q,0,9960
S,1,9961
S,0,9962
Q,1,9963
S,1,9964
S,0,9965
S,0,9966
S,0,9967
C,0,9968
S,1,9969
C,1,9970
S,1,9971
S,1,9972
S,1,9973
S,1,9974
S,1,9975
S,1,9976
S,1,9977
C,0,9978
C,1,9979
S,1,9980
S,1,9981
S,1,9982
C,0,9983
Q,1,9984
Q,1,9985
C,1,9986
S,0,9987
S,0,9988
S,1,9989
S,1,9990
C,0,9991
S,0,9992
S,1,9993
C,0,9994
S,0,9995
S,1,9996
S,1,9997
S,0,9998
S,0,9999
S,0,10000
